match_id,frame,timestamp_s,track_id,name,team,pitch_x,pitch_y,speed_ms,speed_kmh,acceleration,bbox_x1,bbox_y1,bbox_x2,bbox_y2
match_001,0,0.0,1,player,,51.655,56.196,0.0,0.0,0.0,816,515,836,555
match_001,0,0.0,2,player,,48.077,56.188,0.0,0.0,0.0,724,510,744,556
match_001,0,0.0,3,player,,51.154,24.216,0.0,0.0,0.0,791,380,807,411
match_001,0,0.0,4,player,,47.991,19.433,0.0,0.0,0.0,742,367,753,398
match_001,0,0.0,6,player,,28.968,37.726,0.0,0.0,0.0,354,423,373,462
match_001,0,0.0,7,player,,69.654,46.622,0.0,0.0,0.0,1207,449,1224,494
match_001,0,0.0,8,player,,53.147,33.189,0.0,0.0,0.0,833,403,845,440
match_001,0,0.0,9,player,,62.069,22.343,0.0,0.0,0.0,973,377,983,404
match_001,0,0.0,10,player,,60.302,47.564,0.0,0.0,0.0,1005,461,1021,501
match_001,0,0.0,11,player,,75.601,27.428,0.0,0.0,0.0,1217,385,1230,417
match_001,0,0.0,12,player,,65.165,32.083,0.0,0.0,0.0,1052,401,1064,434
match_001,0,0.0,13,player,,74.93,17.764,0.0,0.0,0.0,1164,361,1175,390
match_001,0,0.0,14,player,,38.179,27.773,0.0,0.0,0.0,567,391,578,424
match_001,0,0.0,15,player,,41.813,30.36,0.0,0.0,0.0,625,399,639,432
match_001,1,0.001,1,player,,51.616,56.195,0.974,3.505,0.0,815,515,835,555
match_001,1,0.001,2,player,,48.038,56.186,0.973,3.502,0.0,723,510,743,556
match_001,1,0.001,3,player,,51.095,24.213,1.486,5.349,0.0,790,380,806,411
match_001,1,0.001,4,player,,47.929,19.43,1.562,5.623,0.0,741,367,752,398
match_001,1,0.001,6,player,,28.918,37.724,1.266,4.557,0.0,353,423,372,462
match_001,1,0.001,7,player,,69.609,46.62,1.13,4.068,0.0,1206,449,1223,494
match_001,1,0.001,8,player,,53.105,32.91,7.069,25.45,0.0,832,403,845,439
match_001,1,0.001,9,player,,62.008,22.339,1.517,5.46,0.0,972,377,982,404
match_001,1,0.001,10,player,,60.258,47.562,1.113,4.008,0.0,1004,461,1020,501
match_001,1,0.001,11,player,,75.544,27.425,1.437,5.172,0.0,1216,385,1229,417
match_001,1,0.001,12,player,,65.111,32.08,1.361,4.901,0.0,1051,401,1063,434
match_001,1,0.001,13,player,,74.867,17.761,1.591,5.727,0.0,1163,361,1174,390
match_001,1,0.001,14,player,,38.122,27.771,1.427,5.138,0.0,566,391,577,424
match_001,1,0.001,15,player,,41.758,30.358,1.386,4.99,0.0,624,399,638,432
match_001,2,0.002,1,player,,51.655,56.196,0.974,3.505,0.0,816,515,836,555
match_001,2,0.002,2,player,,48.077,56.188,0.973,3.502,0.0,724,510,744,556
match_001,2,0.002,3,player,,51.154,24.216,1.486,5.349,0.0,791,380,807,411
match_001,2,0.002,4,player,,47.991,19.433,1.562,5.623,0.0,742,367,753,398
match_001,2,0.002,6,player,,28.968,37.726,1.266,4.557,0.0,354,423,373,462
match_001,2,0.002,7,player,,69.654,46.622,1.13,4.068,0.0,1207,449,1224,494
match_001,2,0.002,9,player,,62.008,22.339,0.0,0.0,-37.915,973,377,981,404
match_001,2,0.002,10,player,,60.302,47.564,1.113,4.008,0.0,1005,461,1021,501
match_001,2,0.002,11,player,,75.601,27.428,1.437,5.172,0.0,1217,385,1230,417
match_001,2,0.002,12,player,,65.165,32.083,1.361,4.901,0.0,1052,401,1064,434
match_001,2,0.002,13,player,,74.93,17.764,1.591,5.727,0.0,1164,361,1175,390
match_001,2,0.002,14,player,,38.179,27.773,1.427,5.138,0.0,567,391,578,424
match_001,2,0.002,15,player,,41.813,30.36,1.386,4.99,0.0,625,399,639,432
match_001,2,0.002,16,player,,51.863,7.467,0.0,0.0,0.0,800,344,811,369
match_001,3,0.003,1,player,,51.66,56.051,3.643,13.115,66.739,816,514,836,554
match_001,3,0.003,2,player,,48.073,56.042,3.637,13.093,66.602,724,509,745,555
match_001,3,0.003,4,player,,47.985,19.058,9.377,33.757,195.375,742,366,753,397
match_001,3,0.003,6,player,,28.904,37.48,6.346,22.845,127.0,354,422,373,461
match_001,3,0.003,7,player,,69.71,46.426,5.111,18.4,99.525,1207,448,1224,493
match_001,3,0.003,9,player,,62.055,21.985,8.938,32.176,223.447,973,376,981,403
match_001,3,0.003,10,player,,60.332,47.373,4.823,17.362,92.74,1005,460,1021,500
match_001,3,0.003,11,player,,75.694,27.109,8.299,29.875,171.551,1217,384,1230,416
match_001,3,0.003,12,player,,65.218,31.797,7.259,26.131,147.43,1052,400,1064,433
match_001,3,0.003,13,player,,75.03,17.373,10.089,36.322,212.466,1164,360,1175,389
match_001,3,0.003,14,player,,38.139,27.461,7.877,28.358,161.247,567,390,578,423
match_001,3,0.003,15,player,,41.787,30.065,7.404,26.654,150.448,625,398,639,431
match_001,4,0.004,1,player,,51.621,56.049,0.976,3.513,-66.679,815,514,835,554
match_001,4,0.004,2,player,,48.073,56.042,0.0,0.0,-90.924,723,509,745,555
match_001,4,0.004,4,player,,47.922,19.055,1.568,5.645,-195.225,741,366,752,397
match_001,4,0.004,6,player,,28.854,37.478,1.27,4.571,-126.901,353,422,372,461
match_001,4,0.004,7,player,,69.721,46.226,5.002,18.006,-2.739,1206,448,1223,492
match_001,4,0.004,9,player,,61.994,21.982,1.522,5.481,-185.386,972,376,981,403
match_001,4,0.004,10,player,,60.287,47.371,1.116,4.019,-92.664,1004,460,1020,500
match_001,4,0.004,11,player,,75.636,27.106,1.442,5.191,-171.417,1216,384,1229,416
match_001,4,0.004,12,player,,65.163,31.794,1.366,4.917,-147.315,1051,400,1063,433
match_001,4,0.004,13,player,,74.966,17.37,1.597,5.749,-212.313,1163,360,1174,389
match_001,4,0.004,14,player,,38.082,27.458,1.432,5.156,-161.123,566,390,577,423
match_001,4,0.004,15,player,,41.731,30.063,1.391,5.007,-150.329,624,398,638,431
match_001,5,0.005,1,player,,51.616,56.195,3.643,13.115,66.68,815,515,835,555
match_001,5,0.005,2,player,,48.077,56.188,3.637,13.093,90.924,723,510,745,556
match_001,5,0.005,4,player,,47.929,19.43,9.378,33.759,195.238,741,367,752,398
match_001,5,0.005,6,player,,28.918,37.724,6.347,22.849,126.932,353,423,372,462
match_001,5,0.005,7,player,,69.721,46.226,0.0,0.0,-125.039,1206,449,1223,492
match_001,5,0.005,9,player,,61.948,22.336,8.938,32.175,185.378,972,377,981,404
match_001,5,0.005,10,player,,60.258,47.562,4.823,17.361,92.657,1004,461,1020,501
match_001,5,0.005,11,player,,75.544,27.425,8.298,29.871,171.388,1216,385,1229,417
match_001,5,0.005,12,player,,65.111,32.08,7.258,26.129,147.302,1051,401,1063,434
match_001,5,0.005,13,player,,74.867,17.761,10.088,36.318,212.288,1163,361,1174,390
match_001,5,0.005,14,player,,38.122,27.771,7.878,28.361,161.147,566,391,577,424
match_001,5,0.005,15,player,,41.758,30.358,7.405,26.657,150.346,624,399,638,432
match_001,6,0.006,1,player,,51.616,56.195,0.0,0.0,-91.078,815,515,835,555
match_001,6,0.006,2,player,,48.077,56.188,0.0,0.0,-90.924,723,510,745,556
match_001,6,0.006,4,player,,47.929,19.43,0.0,0.0,-234.439,741,367,752,398
match_001,6,0.006,6,player,,28.918,37.724,0.0,0.0,-158.676,353,423,372,462
match_001,6,0.006,7,player,,69.721,46.226,0.0,0.0,0.0,1206,449,1223,492
match_001,6,0.006,9,player,,61.948,22.336,0.0,0.0,-223.439,972,377,981,404
match_001,6,0.006,10,player,,60.258,47.562,0.0,0.0,-120.566,1004,461,1020,501
match_001,6,0.006,11,player,,75.544,27.425,0.0,0.0,-207.439,1216,385,1229,417
match_001,6,0.006,12,player,,65.111,32.08,0.0,0.0,-181.451,1051,401,1063,434
match_001,6,0.006,13,player,,74.867,17.761,0.0,0.0,-252.211,1163,361,1174,390
match_001,6,0.006,14,player,,38.122,27.771,0.0,0.0,-196.951,566,391,577,424
match_001,6,0.006,15,player,,41.758,30.358,0.0,0.0,-185.116,624,399,638,432
match_001,7,0.007,1,player,,51.655,56.196,0.974,3.505,24.339,816,515,836,555
match_001,7,0.007,2,player,,48.077,56.188,0.0,0.0,0.0,724,510,745,556
match_001,7,0.007,4,player,,47.991,19.433,1.562,5.623,39.05,742,367,753,398
match_001,7,0.007,6,player,,28.968,37.726,1.266,4.557,31.645,354,423,373,462
match_001,7,0.007,7,player,,69.766,46.228,1.136,4.091,28.411,1207,449,1224,492
match_001,7,0.007,9,player,,62.008,22.339,1.517,5.46,37.918,973,377,981,404
match_001,7,0.007,10,player,,60.302,47.564,1.113,4.008,27.833,1005,461,1021,501
match_001,7,0.007,11,player,,75.601,27.428,1.437,5.172,35.917,1217,385,1230,417
match_001,7,0.007,12,player,,65.165,32.083,1.361,4.901,34.034,1052,401,1064,434
match_001,7,0.007,13,player,,74.93,17.764,1.591,5.727,39.77,1164,361,1175,390
match_001,7,0.007,14,player,,38.179,27.773,1.427,5.138,35.68,567,391,578,424
match_001,7,0.007,15,player,,41.813,30.36,1.386,4.99,34.65,625,399,639,432
match_001,8,0.008,1,player,,51.616,56.195,0.974,3.505,0.0,815,514,835,555
match_001,8,0.008,2,player,,48.073,56.042,3.637,13.093,90.924,723,509,745,555
match_001,8,0.008,4,player,,47.922,19.055,9.611,34.601,201.235,741,366,752,397
match_001,8,0.008,6,player,,28.904,37.48,6.346,22.845,127.0,353,422,373,461
match_001,8,0.008,7,player,,69.721,46.226,1.136,4.091,0.0,1206,448,1223,492
match_001,8,0.008,9,player,,62.055,21.985,8.938,32.176,185.529,972,376,982,403
match_001,8,0.008,10,player,,60.287,47.371,4.831,17.393,92.95,1004,460,1020,500
match_001,8,0.008,11,player,,75.636,27.106,8.089,29.119,166.297,1216,384,1229,416
match_001,8,0.008,12,player,,65.163,31.794,7.206,25.941,146.114,1051,400,1063,433
match_001,8,0.008,13,player,,74.966,17.37,9.9,35.641,207.734,1163,360,1174,389
match_001,8,0.008,14,player,,38.082,27.458,8.25,29.7,170.566,566,390,577,423
match_001,8,0.008,15,player,,41.731,30.063,7.719,27.79,158.335,624,398,638,431
match_001,9,0.009,1,player,,51.612,56.339,3.626,13.053,66.308,815,514,835,556
match_001,9,0.009,2,player,,48.073,56.042,0.0,0.0,-90.924,723,509,745,555
match_001,9,0.009,4,player,,47.922,19.055,0.0,0.0,-240.285,741,366,752,397
match_001,9,0.009,6,player,,28.904,37.48,0.0,0.0,-158.644,353,422,373,461
match_001,9,0.009,7,player,,69.721,46.226,0.0,0.0,-28.411,1206,448,1223,492
match_001,9,0.009,9,player,,62.055,21.985,0.0,0.0,-223.447,972,376,982,403
match_001,9,0.009,10,player,,60.287,47.371,0.0,0.0,-120.783,1004,460,1020,500
match_001,9,0.009,11,player,,75.636,27.106,0.0,0.0,-202.215,1216,384,1229,416
match_001,9,0.009,12,player,,65.163,31.794,0.0,0.0,-180.148,1051,400,1063,433
match_001,9,0.009,13,player,,74.966,17.37,0.0,0.0,-247.504,1163,360,1174,389
match_001,9,0.009,14,player,,38.082,27.458,0.0,0.0,-206.247,566,390,577,423
match_001,9,0.009,15,player,,41.731,30.063,0.0,0.0,-192.985,624,398,638,431
match_001,10,0.01,1,player,,51.612,56.339,0.0,0.0,-90.646,815,514,835,556
match_001,10,0.01,2,player,,48.073,56.042,0.0,0.0,0.0,723,509,745,555
match_001,10,0.01,4,player,,47.922,19.055,0.0,0.0,0.0,741,366,752,397
match_001,10,0.01,6,player,,28.904,37.48,0.0,0.0,0.0,353,422,374,461
match_001,10,0.01,7,player,,69.721,46.226,0.0,0.0,0.0,1206,448,1223,492
match_001,10,0.01,9,player,,62.055,21.985,0.0,0.0,0.0,972,376,982,403
match_001,10,0.01,10,player,,60.287,47.371,0.0,0.0,0.0,1004,460,1020,500
match_001,10,0.01,11,player,,75.636,27.106,0.0,0.0,0.0,1216,384,1229,416
match_001,10,0.01,12,player,,65.163,31.794,0.0,0.0,0.0,1051,400,1063,433
match_001,10,0.01,13,player,,74.966,17.37,0.0,0.0,0.0,1163,360,1174,389
match_001,10,0.01,14,player,,38.082,27.458,0.0,0.0,0.0,566,390,577,423
match_001,10,0.01,15,player,,41.731,30.063,0.0,0.0,0.0,624,398,638,431
match_001,11,0.011,1,player,,51.612,56.339,0.0,0.0,0.0,815,515,835,556
match_001,11,0.011,2,player,,48.077,56.188,3.637,13.093,90.924,723,510,745,556
match_001,11,0.011,4,player,,47.929,19.43,9.378,33.759,234.439,741,367,752,398
match_001,11,0.011,6,player,,28.968,37.726,6.346,22.845,158.644,353,423,374,462
match_001,11,0.011,7,player,,69.665,46.424,5.139,18.501,128.478,1206,449,1223,493
match_001,11,0.011,9,player,,62.008,22.339,8.938,32.176,223.447,972,377,982,404
match_001,11,0.011,10,player,,60.258,47.562,4.823,17.361,120.566,1004,461,1020,501
match_001,11,0.011,11,player,,75.544,27.425,8.298,29.871,207.439,1216,385,1229,417
match_001,11,0.011,12,player,,65.111,32.08,7.258,26.129,181.451,1051,401,1063,434
match_001,11,0.011,13,player,,74.867,17.761,10.088,36.318,252.211,1163,361,1174,390
match_001,11,0.011,14,player,,38.122,27.771,7.878,28.361,196.951,566,391,577,424
match_001,11,0.011,15,player,,41.758,30.358,7.405,26.657,185.116,624,399,638,432
match_001,12,0.012,1,player,,51.612,56.339,0.0,0.0,0.0,815,515,835,556
match_001,12,0.012,2,player,,48.077,56.188,0.0,0.0,-90.924,723,510,745,556
match_001,12,0.012,4,player,,47.929,19.43,0.0,0.0,-234.439,741,367,752,398
match_001,12,0.012,6,player,,28.968,37.726,0.0,0.0,-158.644,353,423,374,462
match_001,12,0.012,7,player,,69.665,46.424,0.0,0.0,-128.478,1206,449,1223,493
match_001,12,0.012,9,player,,62.008,22.339,0.0,0.0,-223.447,972,377,982,404
match_001,12,0.012,10,player,,60.258,47.562,0.0,0.0,-120.566,1004,461,1020,501
match_001,12,0.012,11,player,,75.544,27.425,0.0,0.0,-207.439,1216,385,1229,417
match_001,12,0.012,12,player,,65.111,32.08,0.0,0.0,-181.451,1051,401,1063,434
match_001,12,0.012,13,player,,74.867,17.761,0.0,0.0,-252.211,1163,361,1174,390
match_001,12,0.012,14,player,,38.122,27.771,0.0,0.0,-196.951,566,391,577,424
match_001,12,0.012,15,player,,41.758,30.358,0.0,0.0,-185.116,624,399,638,432
match_001,13,0.013,1,player,,51.65,56.341,0.971,3.497,24.281,816,514,836,556
match_001,13,0.013,2,player,,48.073,56.042,3.637,13.093,90.924,724,509,745,555
match_001,13,0.013,4,player,,47.985,19.058,9.401,33.845,235.035,742,366,753,397
match_001,13,0.013,6,player,,28.955,37.483,6.091,21.927,152.274,354,422,374,461
match_001,13,0.013,7,player,,69.71,46.426,1.133,4.079,28.33,1207,448,1224,493
match_001,13,0.013,9,player,,62.055,21.985,8.938,32.176,223.447,973,376,982,403
match_001,13,0.013,10,player,,60.332,47.373,5.066,18.237,126.645,1005,460,1021,500
match_001,13,0.013,11,player,,75.694,27.109,8.743,31.474,218.571,1217,384,1230,416
match_001,13,0.013,12,player,,65.218,31.797,7.56,27.217,189.01,1052,400,1064,433
match_001,13,0.013,13,player,,75.03,17.373,10.519,37.867,262.965,1164,360,1175,389
match_001,13,0.013,14,player,,38.139,27.461,7.755,27.918,193.875,567,390,578,423
match_001,13,0.013,15,player,,41.787,30.065,7.343,26.433,183.564,625,398,639,431
match_001,14,0.014,1,player,,51.65,56.341,0.0,0.0,-24.281,816,514,836,556
match_001,14,0.014,2,player,,48.073,56.042,0.0,0.0,-90.924,724,509,745,555
match_001,14,0.014,4,player,,47.985,19.058,0.0,0.0,-235.035,742,366,753,397
match_001,14,0.014,6,player,,28.904,37.48,1.27,4.571,-120.531,354,423,373,461
match_001,14,0.014,7,player,,69.71,46.426,0.0,0.0,-28.33,1207,448,1223,493
match_001,14,0.014,9,player,,62.055,21.985,0.0,0.0,-223.447,972,376,982,403
match_001,14,0.014,10,player,,60.332,47.373,0.0,0.0,-126.645,1005,460,1021,500
match_001,14,0.014,11,player,,75.601,27.428,8.299,29.875,-11.102,1217,384,1230,417
match_001,14,0.014,12,player,,65.165,32.083,7.259,26.131,-7.546,1052,400,1064,434
match_001,14,0.014,13,player,,75.03,17.373,0.0,0.0,-262.965,1164,360,1175,389
match_001,14,0.014,14,player,,38.139,27.461,0.0,0.0,-193.875,567,390,578,423
match_001,14,0.014,15,player,,41.787,30.065,0.0,0.0,-183.564,625,398,639,431
match_001,15,0.015,1,player,,51.65,56.341,0.0,0.0,0.0,816,514,836,556
match_001,15,0.015,2,player,,48.073,56.042,0.0,0.0,0.0,724,509,745,555
match_001,15,0.015,4,player,,47.985,19.058,0.0,0.0,0.0,742,366,753,397
match_001,15,0.015,6,player,,28.904,37.48,0.0,0.0,-31.743,354,423,373,461
match_001,15,0.015,7,player,,69.654,46.622,5.111,18.4,127.778,1207,448,1223,494
match_001,15,0.015,9,player,,61.994,21.982,1.522,5.481,38.061,972,376,981,403
match_001,15,0.015,10,player,,60.332,47.373,0.0,0.0,0.0,1005,460,1021,500
match_001,15,0.015,11,player,,75.601,27.428,0.0,0.0,-207.469,1217,384,1230,417
match_001,15,0.015,12,player,,65.165,32.083,0.0,0.0,-181.464,1052,400,1064,434
match_001,15,0.015,13,player,,75.03,17.373,0.0,0.0,0.0,1164,360,1175,389
match_001,15,0.015,14,player,,38.139,27.461,0.0,0.0,0.0,567,390,578,423
match_001,15,0.015,15,player,,41.787,30.065,0.0,0.0,0.0,625,398,639,431
match_001,16,0.016,1,player,,51.612,56.339,0.971,3.497,24.281,815,514,835,556
match_001,16,0.016,2,player,,48.073,56.042,0.0,0.0,0.0,723,509,745,555
match_001,16,0.016,4,player,,47.922,19.055,1.568,5.645,39.201,741,366,752,397
match_001,16,0.016,6,player,,28.904,37.48,0.0,0.0,0.0,353,423,373,461
match_001,16,0.016,7,player,,69.609,46.62,1.13,4.068,-99.525,1206,448,1223,494
match_001,16,0.016,9,player,,61.994,21.982,0.0,0.0,-38.061,971,376,981,403
match_001,16,0.016,10,player,,60.287,47.371,1.116,4.019,27.909,1004,460,1020,500
match_001,16,0.016,11,player,,75.601,27.428,0.0,0.0,0.0,1216,384,1230,417
match_001,16,0.016,12,player,,65.111,32.08,1.361,4.901,34.034,1051,400,1063,434
match_001,16,0.016,13,player,,74.966,17.37,1.597,5.749,39.923,1163,360,1174,389
match_001,16,0.016,14,player,,38.082,27.458,1.432,5.156,35.804,566,390,577,423
match_001,16,0.016,15,player,,41.731,30.063,1.391,5.007,34.77,624,398,639,431
match_001,17,0.017,1,player,,51.612,56.339,0.0,0.0,-24.281,815,515,835,556
match_001,17,0.017,2,player,,48.038,56.186,3.701,13.324,92.529,723,510,744,556
match_001,17,0.017,4,player,,47.929,19.43,9.378,33.759,195.238,741,367,752,398
match_001,17,0.017,6,player,,28.968,37.726,6.346,22.845,158.644,353,423,373,462
match_001,17,0.017,7,player,,69.609,46.62,0.0,0.0,-28.253,1206,449,1223,494
match_001,17,0.017,9,player,,62.008,22.339,8.946,32.207,223.662,972,377,982,404
match_001,17,0.017,10,player,,60.258,47.562,4.823,17.361,92.657,1004,461,1020,501
match_001,17,0.017,11,player,,75.601,27.428,0.0,0.0,0.0,1216,385,1230,417
match_001,17,0.017,12,player,,65.111,32.08,0.0,0.0,-34.034,1051,401,1063,434
match_001,17,0.017,13,player,,74.867,17.761,10.088,36.318,212.288,1163,361,1174,390
match_001,17,0.017,14,player,,38.122,27.771,7.878,28.361,161.147,566,391,577,424
match_001,17,0.017,15,player,,41.758,30.358,7.405,26.657,150.346,624,399,639,432
match_001,18,0.018,1,player,,51.612,56.339,0.0,0.0,0.0,815,515,835,556
match_001,18,0.018,2,player,,48.038,56.186,0.0,0.0,-92.529,723,510,744,556
match_001,18,0.018,4,player,,47.929,19.43,0.0,0.0,-234.439,741,367,752,398
match_001,18,0.018,6,player,,28.968,37.726,0.0,0.0,-158.644,354,423,373,462
match_001,18,0.018,7,player,,69.609,46.62,0.0,0.0,0.0,1206,449,1223,494
match_001,18,0.018,9,player,,62.008,22.339,0.0,0.0,-223.662,973,377,982,404
match_001,18,0.018,10,player,,60.258,47.562,0.0,0.0,-120.566,1004,461,1020,501
match_001,18,0.018,11,player,,75.601,27.428,0.0,0.0,0.0,1216,385,1230,417
match_001,18,0.018,12,player,,65.111,32.08,0.0,0.0,0.0,1051,401,1063,434
match_001,18,0.018,13,player,,74.867,17.761,0.0,0.0,-252.211,1163,361,1174,390
match_001,18,0.018,14,player,,38.122,27.771,0.0,0.0,-196.951,566,391,577,424
match_001,18,0.018,15,player,,41.758,30.358,0.0,0.0,-185.116,624,399,639,432
match_001,19,0.019,1,player,,51.612,56.339,0.0,0.0,0.0,815,515,835,556
match_001,19,0.019,2,player,,48.038,56.186,0.0,0.0,0.0,723,509,744,556
match_001,19,0.019,4,player,,47.929,19.43,0.0,0.0,0.0,741,367,752,398
match_001,19,0.019,6,player,,28.968,37.726,0.0,0.0,0.0,354,423,373,462
match_001,19,0.019,7,player,,69.665,46.424,5.11,18.398,127.762,1206,449,1223,493
match_001,19,0.019,9,player,,62.069,22.343,1.517,5.46,37.915,974,376,983,404
match_001,19,0.019,10,player,,60.258,47.562,0.0,0.0,0.0,1004,460,1020,501
match_001,19,0.019,11,player,,75.544,27.425,1.437,5.172,35.917,1216,385,1229,417
match_001,19,0.019,12,player,,65.111,32.08,0.0,0.0,0.0,1051,401,1063,434
match_001,19,0.019,13,player,,74.867,17.761,0.0,0.0,0.0,1163,361,1174,390
match_001,19,0.019,14,player,,38.122,27.771,0.0,0.0,0.0,566,391,577,424
match_001,19,0.019,15,player,,41.758,30.358,0.0,0.0,0.0,624,399,639,432
match_001,20,0.02,1,player,,51.612,56.339,0.0,0.0,0.0,815,516,835,556
match_001,20,0.02,2,player,,48.038,56.186,0.0,0.0,0.0,723,509,744,556
match_001,20,0.02,4,player,,47.929,19.43,0.0,0.0,0.0,741,367,752,398
match_001,20,0.02,6,player,,29.019,37.729,1.266,4.557,31.645,354,422,374,462
match_001,20,0.02,7,player,,69.665,46.424,0.0,0.0,-127.762,1206,449,1223,493
match_001,20,0.02,9,player,,62.022,22.694,8.872,31.939,183.88,974,375,983,405
match_001,20,0.02,10,player,,60.258,47.562,0.0,0.0,0.0,1004,460,1020,501
match_001,20,0.02,11,player,,75.544,27.425,0.0,0.0,-35.917,1215,385,1229,417
match_001,20,0.02,12,player,,65.111,32.08,0.0,0.0,0.0,1051,400,1064,434
match_001,20,0.02,13,player,,74.867,17.761,0.0,0.0,0.0,1163,361,1174,390
match_001,20,0.02,14,player,,38.122,27.771,0.0,0.0,0.0,566,391,577,424
match_001,20,0.02,15,player,,41.758,30.358,0.0,0.0,0.0,624,399,639,432
match_001,21,0.021,1,player,,51.612,56.339,0.0,0.0,0.0,815,516,835,556
match_001,21,0.021,2,player,,48.038,56.186,0.0,0.0,0.0,723,509,744,556
match_001,21,0.021,4,player,,47.929,19.43,0.0,0.0,0.0,741,367,752,398
match_001,21,0.021,6,player,,29.019,37.729,0.0,0.0,-31.645,355,422,374,462
match_001,21,0.021,7,player,,69.665,46.424,0.0,0.0,0.0,1206,449,1223,493
match_001,21,0.021,9,player,,62.083,22.697,1.511,5.439,-184.021,974,375,984,405
match_001,21,0.021,10,player,,60.287,47.371,4.823,17.361,120.566,1005,460,1020,500
match_001,21,0.021,11,player,,75.544,27.425,0.0,0.0,0.0,1215,385,1229,417
match_001,21,0.021,12,player,,65.163,31.794,7.258,26.129,181.451,1051,400,1064,433
match_001,21,0.021,13,player,,74.867,17.761,0.0,0.0,0.0,1163,361,1174,390
match_001,21,0.021,14,player,,38.122,27.771,0.0,0.0,0.0,566,391,577,424
match_001,21,0.021,15,player,,41.813,30.36,1.386,4.99,34.65,625,399,639,432
match_001,22,0.022,1,player,,51.612,56.339,0.0,0.0,0.0,815,516,835,556
match_001,22,0.022,2,player,,48.034,56.041,3.637,13.094,90.93,723,508,744,555
match_001,22,0.022,4,player,,47.985,19.058,9.401,33.845,235.035,741,366,753,397
match_001,22,0.022,6,player,,29.019,37.729,0.0,0.0,0.0,355,422,374,462
match_001,22,0.022,7,player,,69.721,46.226,5.139,18.501,128.478,1206,448,1223,492
match_001,22,0.022,9,player,,62.083,22.697,0.0,0.0,-37.774,974,375,984,405
match_001,22,0.022,10,player,,60.287,47.371,0.0,0.0,-120.566,1005,459,1020,500
match_001,22,0.022,11,player,,75.544,27.425,0.0,0.0,0.0,1215,384,1229,417
match_001,22,0.022,12,player,,65.163,31.794,0.0,0.0,-181.451,1051,400,1064,433
match_001,22,0.022,13,player,,74.966,17.37,10.088,36.318,252.211,1163,361,1174,389
match_001,22,0.022,14,player,,38.082,27.458,7.878,28.361,196.951,566,390,577,423
match_001,22,0.022,15,player,,41.787,30.065,7.404,26.654,150.448,625,398,640,431
match_001,22,0.022,16,player,,51.863,7.467,0.0,0.0,0.0,799,341,812,369
match_001,23,0.023,1,player,,51.65,56.341,0.971,3.497,24.281,816,516,836,556
match_001,23,0.023,2,player,,48.069,55.896,3.718,13.386,2.029,724,508,744,554
match_001,23,0.023,4,player,,47.985,19.058,0.0,0.0,-235.035,742,366,753,397
match_001,23,0.023,6,player,,29.069,37.731,1.266,4.557,31.643,356,422,374,462
match_001,23,0.023,7,player,,69.721,46.226,0.0,0.0,-128.478,1206,448,1223,492
match_001,23,0.023,9,player,,62.083,22.697,0.0,0.0,0.0,974,375,985,405
match_001,23,0.023,10,player,,60.361,47.181,5.093,18.334,127.316,1006,459,1021,499
match_001,23,0.023,11,player,,75.452,27.741,8.239,29.66,205.976,1215,385,1229,418
match_001,23,0.023,12,player,,65.218,31.797,1.366,4.917,34.149,1052,399,1065,433
match_001,23,0.023,13,player,,75.03,17.373,1.597,5.749,-212.288,1164,361,1174,389
match_001,23,0.023,14,player,,38.139,27.461,1.432,5.156,-161.147,567,390,578,423
match_001,23,0.023,15,player,,41.843,30.068,1.391,5.007,-150.331,626,398,640,431
match_001,23,0.023,16,player,,51.923,7.94,11.923,42.922,298.069,800,341,813,370
match_001,24,0.024,1,player,,51.612,56.339,0.971,3.497,0.0,815,516,835,556
match_001,24,0.024,2,player,,48.03,55.895,0.977,3.519,-68.523,723,508,743,554
match_001,24,0.024,4,player,,47.979,18.68,9.449,34.018,236.234,741,365,753,396
match_001,24,0.024,6,player,,29.069,37.731,0.0,0.0,-31.643,356,422,374,462
match_001,24,0.024,7,player,,69.676,46.224,1.136,4.091,28.411,1205,448,1222,492
match_001,24,0.024,9,player,,62.083,22.697,0.0,0.0,0.0,974,375,985,405
match_001,24,0.024,10,player,,60.332,47.373,4.849,17.458,-6.08,1006,459,1021,500
match_001,24,0.024,11,player,,75.395,27.739,1.432,5.155,-170.178,1215,385,1228,418
match_001,24,0.024,12,player,,65.218,31.797,0.0,0.0,-34.149,1051,399,1065,433
match_001,24,0.024,13,player,,74.966,17.37,1.597,5.749,0.0,1163,361,1174,389
match_001,24,0.024,14,player,,38.139,27.461,0.0,0.0,-35.804,566,390,578,423
match_001,24,0.024,15,player,,41.843,30.068,0.0,0.0,-34.767,626,398,640,431
match_001,24,0.024,16,player,,51.863,7.467,11.923,42.922,0.0,799,343,812,369
match_001,24,0.024,8,player,,53.171,32.633,7.1,25.558,0.755,833,401,846,438
match_001,24,0.024,3,player,,51.16,23.876,8.487,30.553,175.027,792,379,807,410
match_001,25,0.025,1,player,,51.616,56.195,3.626,13.053,66.365,815,515,835,555
match_001,25,0.025,2,player,,48.027,55.748,3.672,13.22,67.369,723,508,743,553
match_001,25,0.025,4,player,,48.042,18.683,1.574,5.667,-196.883,742,365,754,396
match_001,25,0.025,6,player,,29.069,37.731,0.0,0.0,0.0,356,422,374,462
match_001,25,0.025,7,player,,69.676,46.224,0.0,0.0,-28.411,1205,448,1222,492
match_001,25,0.025,9,player,,62.143,22.701,1.511,5.439,37.774,974,375,987,405
match_001,25,0.025,10,player,,60.376,47.375,1.116,4.019,-93.325,1007,459,1022,500
match_001,25,0.025,11,player,,75.395,27.739,0.0,0.0,-35.798,1215,385,1228,418
match_001,25,0.025,12,player,,65.218,31.797,0.0,0.0,0.0,1052,399,1065,433
match_001,25,0.025,13,player,,74.966,17.37,0.0,0.0,-39.923,1163,361,1173,389
match_001,25,0.025,14,player,,38.139,27.461,0.0,0.0,0.0,566,390,578,423
match_001,25,0.025,15,player,,41.843,30.068,0.0,0.0,0.0,626,399,640,431
match_001,25,0.025,16,player,,51.863,7.467,0.0,0.0,-298.069,799,345,812,369
match_001,25,0.025,8,player,,53.117,32.631,1.351,4.864,-143.713,832,402,845,438
match_001,25,0.025,3,player,,51.154,24.216,8.487,30.553,0.0,792,380,806,411
match_001,26,0.026,1,player,,51.655,56.196,0.974,3.505,-66.308,816,515,836,555
match_001,26,0.026,2,player,,48.027,55.748,0.0,0.0,-91.806,724,507,743,553
match_001,26,0.026,4,player,,48.042,18.683,0.0,0.0,-39.351,742,366,754,396
match_001,26,0.026,6,player,,29.006,37.485,6.343,22.836,158.584,356,422,374,461
match_001,26,0.026,7,player,,69.676,46.224,0.0,0.0,0.0,1205,448,1222,492
match_001,26,0.026,9,player,,62.203,22.704,1.511,5.439,-0.002,975,374,988,405
match_001,26,0.026,10,player,,60.376,47.375,0.0,0.0,-27.911,1007,459,1022,500
match_001,26,0.026,11,player,,75.395,27.739,0.0,0.0,0.0,1215,386,1228,418
match_001,26,0.026,12,player,,65.218,31.797,0.0,0.0,0.0,1052,399,1065,433
match_001,26,0.026,13,player,,74.966,17.37,0.0,0.0,0.0,1164,360,1173,389
match_001,26,0.026,14,player,,38.196,27.464,1.432,5.156,35.802,567,390,579,423
match_001,26,0.026,15,player,,41.843,30.068,0.0,0.0,0.0,626,399,640,431
match_001,26,0.026,16,player,,51.933,7.471,1.754,6.315,43.851,800,345,812,369
match_001,26,0.026,8,player,,53.117,32.631,0.0,0.0,-33.776,832,402,845,438
match_001,26,0.026,3,player,,51.16,23.876,8.487,30.553,0.0,792,380,806,410
match_001,27,0.027,1,player,,51.616,56.195,0.974,3.505,0.0,815,515,835,555
match_001,27,0.027,2,player,,48.027,55.748,0.0,0.0,0.0,723,507,743,553
match_001,27,0.027,4,player,,48.042,18.683,0.0,0.0,0.0,742,366,754,396
match_001,27,0.027,6,player,,29.006,37.485,0.0,0.0,-158.584,356,422,374,461
match_001,27,0.027,7,player,,69.676,46.224,0.0,0.0,0.0,1205,448,1222,492
match_001,27,0.027,9,player,,62.217,23.056,8.812,31.723,182.524,975,373,989,406
match_001,27,0.027,10,player,,60.376,47.375,0.0,0.0,0.0,1007,458,1022,500
match_001,27,0.027,11,player,,75.395,27.739,0.0,0.0,0.0,1215,386,1228,418
match_001,27,0.027,12,player,,65.218,31.797,0.0,0.0,0.0,1052,399,1065,433
match_001,27,0.027,13,player,,74.966,17.37,0.0,0.0,0.0,1163,360,1173,389
match_001,27,0.027,14,player,,38.196,27.464,0.0,0.0,-35.802,567,390,579,423
match_001,27,0.027,15,player,,41.843,30.068,0.0,0.0,0.0,626,399,640,431
match_001,27,0.027,16,player,,51.863,7.467,1.754,6.315,0.0,800,346,811,369
match_001,27,0.027,8,player,,53.105,32.91,6.979,25.123,174.463,832,402,845,439
match_001,27,0.027,3,player,,51.1,23.873,1.491,5.368,-174.893,791,380,806,410
match_001,27,0.027,17,player,,74.578,8.707,0.0,0.0,0.0,1125,347,1137,369
match_001,28,0.028,1,player,,51.616,56.195,0.0,0.0,-24.339,815,514,835,555
match_001,28,0.028,2,player,,48.027,55.748,0.0,0.0,0.0,723,506,743,553
match_001,28,0.028,4,player,,48.042,18.683,0.0,0.0,0.0,742,366,754,396
match_001,28,0.028,6,player,,29.006,37.485,0.0,0.0,0.0,357,422,374,461
match_001,28,0.028,7,player,,69.63,46.222,1.136,4.091,28.411,1204,449,1221,492
match_001,28,0.028,9,player,,62.217,23.056,0.0,0.0,-220.296,975,373,990,406
match_001,28,0.028,10,player,,60.376,47.375,0.0,0.0,0.0,1007,458,1022,500
match_001,28,0.028,11,player,,75.395,27.739,0.0,0.0,0.0,1215,386,1228,418
match_001,28,0.028,12,player,,65.272,31.8,1.366,4.917,34.144,1053,400,1065,433
match_001,28,0.028,13,player,,74.867,17.761,10.088,36.318,252.211,1163,360,1173,390
match_001,28,0.028,14,player,,38.196,27.464,0.0,0.0,0.0,567,391,579,423
match_001,28,0.028,15,player,,41.869,30.363,7.403,26.651,185.08,626,400,640,432
match_001,28,0.028,16,player,,51.863,7.467,0.0,0.0,-43.851,800,345,811,369
match_001,28,0.028,8,player,,53.105,32.91,0.0,0.0,-174.463,832,403,845,439
match_001,28,0.028,3,player,,51.095,24.213,8.487,30.554,174.901,791,380,806,411
match_001,28,0.028,17,player,,74.471,9.169,11.842,42.63,0.0,1125,348,1137,370
match_001,29,0.029,1,player,,51.616,56.195,0.0,0.0,0.0,815,514,835,555
match_001,29,0.029,2,player,,47.988,55.746,0.98,3.528,24.499,722,507,743,553
match_001,29,0.029,4,player,,48.042,18.683,0.0,0.0,0.0,742,367,754,396
match_001,29,0.029,6,player,,29.057,37.488,1.27,4.571,31.741,357,422,375,461
match_001,29,0.029,7,player,,69.63,46.222,0.0,0.0,-28.411,1204,449,1221,492
match_001,29,0.029,9,player,,62.217,23.056,0.0,0.0,0.0,975,373,990,406
match_001,29,0.029,10,player,,60.406,47.184,4.85,17.459,121.243,1007,458,1022,499
match_001,29,0.029,11,player,,75.395,27.739,0.0,0.0,0.0,1215,386,1228,418
match_001,29,0.029,12,player,,65.272,31.8,0.0,0.0,-34.144,1053,399,1065,433
match_001,29,0.029,13,player,,74.867,17.761,0.0,0.0,-252.211,1163,360,1173,390
match_001,29,0.029,14,player,,38.196,27.464,0.0,0.0,0.0,568,391,579,423
match_001,29,0.029,15,player,,41.869,30.363,0.0,0.0,-185.08,626,400,640,432
match_001,29,0.029,16,player,,51.933,7.471,1.754,6.315,43.851,801,345,811,369
match_001,29,0.029,8,player,,53.094,33.187,6.932,24.957,173.31,832,403,844,440
match_001,29,0.029,3,player,,51.095,24.213,0.0,0.0,-212.178,791,380,806,411
match_001,29,0.029,17,player,,74.647,8.711,12.259,44.133,10.44,1126,347,1138,369
match_001,30,0.03,1,player,,51.616,56.195,0.0,0.0,0.0,815,514,836,555
match_001,30,0.03,2,player,,48.023,55.6,3.753,13.511,69.325,722,507,744,552
match_001,30,0.03,4,player,,48.042,18.683,0.0,0.0,0.0,743,367,754,396
match_001,30,0.03,6,player,,29.057,37.488,0.0,0.0,-31.741,358,422,375,461
match_001,30,0.03,7,player,,69.63,46.222,0.0,0.0,0.0,1204,448,1221,492
match_001,30,0.03,9,player,,62.277,23.059,1.505,5.419,37.631,976,373,991,406
match_001,30,0.03,10,player,,60.406,47.184,0.0,0.0,-121.243,1007,458,1022,499
match_001,30,0.03,12,player,,65.272,31.8,0.0,0.0,0.0,1053,398,1065,433
match_001,30,0.03,13,player,,74.966,17.37,10.088,36.318,252.211,1163,360,1173,389
match_001,30,0.03,14,player,,38.196,27.464,0.0,0.0,0.0,568,390,579,423
match_001,30,0.03,15,player,,41.869,30.363,0.0,0.0,0.0,626,400,640,432
match_001,30,0.03,16,player,,51.933,7.471,0.0,0.0,-43.851,801,344,812,369
match_001,30,0.03,8,player,,53.094,33.187,0.0,0.0,-173.31,833,403,844,440
match_001,30,0.03,3,player,,51.16,23.876,8.567,30.841,214.174,792,380,807,410
match_001,30,0.03,17,player,,74.716,8.715,1.735,6.246,-263.107,1127,347,1139,369
match_001,30,0.03,18,player,,52.711,43.377,0.0,0.0,0.0,832,444,846,482
match_001,31,0.031,1,player,,51.621,56.049,3.643,13.115,91.078,815,514,836,554
match_001,31,0.031,2,player,,48.023,55.6,0.0,0.0,-93.824,722,507,744,552
match_001,31,0.031,4,player,,48.042,18.683,0.0,0.0,0.0,743,367,754,396
match_001,31,0.031,6,player,,29.044,37.243,6.128,22.06,153.194,358,423,376,460
match_001,31,0.031,7,player,,69.63,46.222,0.0,0.0,0.0,1204,448,1221,492
match_001,31,0.031,9,player,,62.324,22.71,8.808,31.708,182.562,976,373,991,405
match_001,31,0.031,10,player,,60.481,46.993,5.122,18.438,128.043,1008,457,1022,498
match_001,31,0.031,12,player,,65.22,32.085,7.259,26.132,181.475,1054,398,1065,434
match_001,31,0.031,13,player,,74.867,17.761,10.088,36.318,0.0,1163,361,1174,390
match_001,31,0.031,14,player,,38.254,27.467,1.432,5.155,35.802,568,391,580,423
match_001,31,0.031,15,player,,41.895,30.656,7.353,26.471,183.828,626,400,640,433
match_001,31,0.031,16,player,,52.013,7.001,11.91,42.875,297.744,802,344,812,368
match_001,31,0.031,8,player,,53.094,33.187,0.0,0.0,0.0,833,403,844,440
match_001,31,0.031,3,player,,51.154,24.216,8.487,30.553,-2.003,792,380,807,411
match_001,31,0.031,17,player,,74.609,9.176,11.844,42.638,252.722,1127,347,1139,370
match_001,31,0.031,18,player,,52.711,43.377,0.0,0.0,0.0,832,445,846,482
match_001,32,0.032,1,player,,51.621,56.049,0.0,0.0,-91.078,814,514,836,554
match_001,32,0.032,2,player,,47.984,55.599,0.982,3.536,24.558,722,506,743,552
match_001,32,0.032,4,player,,48.048,19.061,9.449,34.016,236.221,743,367,754,397
match_001,32,0.032,6,player,,29.107,37.49,6.38,22.969,6.313,359,422,376,461
match_001,32,0.032,7,player,,69.676,46.224,1.136,4.091,28.411,1204,447,1222,492
match_001,32,0.032,9,player,,62.384,22.713,1.511,5.439,-182.424,977,373,991,405
match_001,32,0.032,10,player,,60.481,46.993,0.0,0.0,-128.043,1008,457,1023,498
match_001,32,0.032,12,player,,65.327,31.802,7.563,27.227,7.599,1054,398,1066,433
match_001,32,0.032,13,player,,74.966,17.37,10.088,36.318,0.0,1163,360,1173,389
match_001,32,0.032,14,player,,38.214,27.152,7.93,28.55,162.46,568,390,580,422
match_001,32,0.032,15,player,,41.895,30.656,0.0,0.0,-183.828,627,400,640,433
match_001,32,0.032,16,player,,52.013,7.001,0.0,0.0,-297.744,802,344,813,368
match_001,32,0.032,8,player,,53.094,33.187,0.0,0.0,0.0,833,403,844,440
match_001,32,0.032,3,player,,51.219,23.879,8.568,30.843,2.019,793,379,808,410
match_001,32,0.032,17,player,,74.716,8.715,11.844,42.638,0.0,1127,347,1140,369
match_001,32,0.032,18,player,,52.664,43.375,1.179,4.245,29.476,831,444,845,482
match_001,33,0.033,1,player,,51.616,56.195,3.643,13.115,91.078,814,514,836,555
match_001,33,0.033,2,player,,47.984,55.599,0.0,0.0,-24.558,722,506,743,552
match_001,33,0.033,4,player,,48.048,19.061,0.0,0.0,-236.221,743,367,754,397
match_001,33,0.033,6,player,,29.158,37.492,1.27,4.571,-127.767,360,422,376,461
match_001,33,0.033,7,player,,69.676,46.224,0.0,0.0,-28.411,1204,447,1222,492
match_001,33,0.033,9,player,,62.384,22.713,0.0,0.0,-37.769,978,374,991,405
match_001,33,0.033,10,player,,60.481,46.993,0.0,0.0,0.0,1008,457,1023,498
match_001,33,0.033,12,player,,65.327,31.802,0.0,0.0,-189.074,1054,398,1066,433
match_001,33,0.033,13,player,,74.903,17.367,1.597,5.75,-212.283,1162,360,1173,389
match_001,33,0.033,14,player,,38.214,27.152,0.0,0.0,-198.262,568,390,580,422
match_001,33,0.033,15,player,,41.895,30.656,0.0,0.0,0.0,627,400,640,433
match_001,33,0.033,16,player,,52.013,7.001,0.0,0.0,0.0,802,344,813,368
match_001,33,0.033,8,player,,53.094,33.187,0.0,0.0,0.0,832,403,844,440
match_001,33,0.033,3,player,,51.219,23.879,0.0,0.0,-214.19,792,379,808,410
match_001,33,0.033,17,player,,74.716,8.715,0.0,0.0,-296.098,1127,347,1140,369
match_001,33,0.033,18,player,,52.655,43.587,5.316,19.139,103.434,831,444,845,483
match_001,33,0.033,11,player,,75.395,27.739,0.0,0.0,0.0,1215,386,1228,418
match_001,34,0.034,1,player,,51.578,56.193,0.974,3.505,-66.739,814,514,835,555
match_001,34,0.034,2,player,,48.023,55.6,0.982,3.536,24.558,723,505,743,552
match_001,34,0.034,4,player,,48.11,19.064,1.568,5.645,39.198,744,367,755,397
match_001,34,0.034,6,player,,29.158,37.492,0.0,0.0,-31.74,361,422,376,461
match_001,34,0.034,7,player,,69.676,46.224,0.0,0.0,0.0,1204,447,1222,492
match_001,34,0.034,9,player,,62.445,22.716,1.511,5.438,37.767,979,374,991,405
match_001,34,0.034,10,player,,60.481,46.993,0.0,0.0,0.0,1008,457,1023,498
match_001,34,0.034,12,player,,65.327,31.802,0.0,0.0,0.0,1054,398,1067,433
match_001,34,0.034,13,player,,74.903,17.367,0.0,0.0,-39.928,1162,360,1173,389
match_001,34,0.034,14,player,,38.271,27.155,1.437,5.173,35.926,569,390,581,422
match_001,34,0.034,15,player,,41.95,30.659,1.381,4.972,34.531,627,400,641,433
match_001,34,0.034,16,player,,52.013,7.001,0.0,0.0,0.0,802,345,813,368
match_001,34,0.034,8,player,,53.094,33.187,0.0,0.0,0.0,832,403,844,440
match_001,34,0.034,3,player,,51.16,23.876,1.491,5.368,37.277,792,379,807,410
match_001,34,0.034,17,player,,74.716,8.715,0.0,0.0,0.0,1127,346,1140,369
match_001,34,0.034,18,player,,52.655,43.587,0.0,0.0,-132.91,831,444,845,483
match_001,34,0.034,11,player,,75.395,27.739,0.0,0.0,0.0,1215,386,1227,418
match_001,35,0.035,1,player,,51.616,56.195,0.974,3.505,0.0,814,514,836,555
match_001,35,0.035,2,player,,48.023,55.6,0.0,0.0,-24.558,723,505,743,552
match_001,35,0.035,4,player,,48.116,19.439,9.376,33.754,195.201,744,367,755,398
match_001,35,0.035,6,player,,29.209,37.495,1.27,4.57,31.739,361,422,377,461
match_001,35,0.035,7,player,,69.676,46.224,0.0,0.0,0.0,1204,447,1223,492
match_001,35,0.035,10,player,,60.481,46.993,0.0,0.0,0.0,1008,457,1023,498
match_001,35,0.035,12,player,,65.381,31.805,1.366,4.917,34.149,1055,398,1068,433
match_001,35,0.035,13,player,,74.903,17.367,0.0,0.0,0.0,1162,360,1173,389
match_001,35,0.035,14,player,,38.271,27.155,0.0,0.0,-35.926,569,390,581,422
match_001,35,0.035,15,player,,41.95,30.659,0.0,0.0,-34.531,627,400,641,433
match_001,35,0.035,16,player,,52.013,7.001,0.0,0.0,0.0,802,345,813,368
match_001,35,0.035,8,player,,53.094,33.187,0.0,0.0,0.0,833,403,844,440
match_001,35,0.035,3,player,,51.16,23.876,0.0,0.0,-37.277,792,379,807,410
match_001,35,0.035,17,player,,74.716,8.715,0.0,0.0,0.0,1127,346,1140,369
match_001,35,0.035,18,player,,52.702,43.589,1.175,4.232,29.387,832,444,846,483
match_001,35,0.035,11,player,,75.395,27.739,0.0,0.0,0.0,1215,386,1227,418
match_001,36,0.036,1,player,,51.612,56.339,3.626,13.053,66.308,814,514,836,556
match_001,36,0.036,2,player,,48.023,55.6,0.0,0.0,0.0,723,505,743,552
match_001,36,0.036,4,player,,48.178,19.443,1.562,5.623,-195.352,745,367,755,398
match_001,36,0.036,6,player,,29.322,37.743,6.818,24.544,138.707,362,422,378,462
match_001,36,0.036,7,player,,69.676,46.224,0.0,0.0,0.0,1204,447,1223,492
match_001,36,0.036,10,player,,60.481,46.993,0.0,0.0,0.0,1008,457,1023,498
match_001,36,0.036,12,player,,65.381,31.805,0.0,0.0,-34.149,1055,398,1068,433
match_001,36,0.036,13,player,,74.903,17.367,0.0,0.0,0.0,1162,360,1173,389
match_001,36,0.036,14,player,,38.271,27.155,0.0,0.0,0.0,569,390,582,422
match_001,36,0.036,15,player,,41.95,30.659,0.0,0.0,0.0,628,400,641,433
match_001,36,0.036,16,player,,52.013,7.001,0.0,0.0,0.0,802,345,813,368
match_001,36,0.036,8,player,,53.094,33.187,0.0,0.0,0.0,833,403,844,440
match_001,36,0.036,3,player,,51.16,23.876,0.0,0.0,0.0,792,379,807,410
match_001,36,0.036,17,player,,74.716,8.715,0.0,0.0,0.0,1127,346,1140,369
match_001,36,0.036,18,player,,52.702,43.589,0.0,0.0,-29.387,832,444,846,483
match_001,36,0.036,11,player,,75.395,27.739,0.0,0.0,0.0,1216,386,1227,418
match_001,37,0.037,1,player,,51.573,56.338,0.971,3.496,-66.367,814,514,835,556
match_001,37,0.037,2,player,,48.023,55.6,0.0,0.0,0.0,724,505,743,552
match_001,37,0.037,4,player,,48.173,19.068,9.375,33.751,195.338,745,367,755,397
match_001,37,0.037,6,player,,29.322,37.743,0.0,0.0,-170.446,362,422,379,462
match_001,37,0.037,7,player,,69.676,46.224,0.0,0.0,0.0,1204,446,1223,492
match_001,37,0.037,10,player,,60.481,46.993,0.0,0.0,0.0,1008,457,1023,498
match_001,37,0.037,12,player,,65.381,31.805,0.0,0.0,0.0,1055,398,1068,433
match_001,37,0.037,13,player,,74.903,17.367,0.0,0.0,0.0,1162,361,1173,389
match_001,37,0.037,14,player,,38.271,27.155,0.0,0.0,0.0,569,390,582,422
match_001,37,0.037,15,player,,41.95,30.659,0.0,0.0,0.0,628,400,641,433
match_001,37,0.037,16,player,,52.013,7.001,0.0,0.0,0.0,802,345,813,368
match_001,37,0.037,8,player,,53.094,33.187,0.0,0.0,0.0,832,403,844,440
match_001,37,0.037,3,player,,51.16,23.876,0.0,0.0,0.0,792,379,806,410
match_001,37,0.037,17,player,,74.786,8.719,1.735,6.245,43.371,1127,346,1141,369
match_001,37,0.037,18,player,,52.655,43.587,1.175,4.232,29.387,831,444,845,483
match_001,37,0.037,11,player,,75.395,27.739,0.0,0.0,0.0,1216,386,1227,418
match_001,38,0.038,1,player,,51.573,56.338,0.0,0.0,-24.279,814,514,835,556
match_001,38,0.038,2,player,,48.023,55.6,0.0,0.0,0.0,724,505,743,552
match_001,38,0.038,4,player,,48.173,19.068,0.0,0.0,-234.385,745,366,756,397
match_001,38,0.038,6,player,,29.373,37.745,1.266,4.556,31.639,363,422,379,462
match_001,38,0.038,7,player,,69.676,46.224,0.0,0.0,0.0,1204,446,1223,492
match_001,38,0.038,10,player,,60.511,46.799,4.904,17.654,122.594,1008,456,1023,497
match_001,38,0.038,12,player,,65.381,31.805,0.0,0.0,0.0,1055,398,1068,433
match_001,38,0.038,13,player,,74.903,17.367,0.0,0.0,0.0,1162,361,1173,389
match_001,38,0.038,14,player,,38.329,27.158,1.437,5.173,35.926,570,390,582,422
match_001,38,0.038,15,player,,41.95,30.659,0.0,0.0,0.0,628,400,641,433
match_001,38,0.038,16,player,,52.013,7.001,0.0,0.0,0.0,802,345,813,368
match_001,38,0.038,8,player,,53.094,33.187,0.0,0.0,0.0,832,403,844,440
match_001,38,0.038,3,player,,51.16,23.876,0.0,0.0,0.0,792,379,806,410
match_001,38,0.038,17,player,,74.855,8.722,1.735,6.245,0.0,1129,346,1141,369
match_001,38,0.038,18,player,,52.655,43.587,0.0,0.0,-29.387,831,444,845,483
match_001,38,0.038,11,player,,75.395,27.739,0.0,0.0,0.0,1216,385,1227,418
match_001,39,0.039,1,player,,51.612,56.339,0.971,3.496,24.279,814,514,836,556
match_001,39,0.039,2,player,,48.062,55.602,0.982,3.536,24.556,724,505,744,552
match_001,39,0.039,4,player,,48.236,19.071,1.568,5.644,39.196,746,366,757,397
match_001,39,0.039,6,player,,29.373,37.745,0.0,0.0,-31.639,363,422,379,462
match_001,39,0.039,7,player,,69.665,46.424,5.002,18.006,125.039,1205,446,1223,493
match_001,39,0.039,10,player,,60.511,46.799,0.0,0.0,-122.594,1008,456,1023,497
match_001,39,0.039,12,player,,65.436,31.808,1.366,4.917,34.144,1056,398,1068,433
match_001,39,0.039,14,player,,38.329,27.158,0.0,0.0,-35.926,570,391,582,422
match_001,39,0.039,15,player,,41.976,30.95,7.303,26.29,182.569,628,400,641,434
match_001,39,0.039,16,player,,52.013,7.001,0.0,0.0,0.0,802,345,813,368
match_001,39,0.039,8,player,,53.094,33.187,0.0,0.0,0.0,833,403,844,440
match_001,39,0.039,3,player,,51.154,24.216,8.487,30.553,212.17,792,379,807,411
match_001,39,0.039,17,player,,74.747,9.184,11.846,42.646,252.78,1129,346,1141,370
match_001,39,0.039,18,player,,52.702,43.589,1.175,4.232,29.387,832,445,846,483
match_001,39,0.039,11,player,,75.452,27.741,1.432,5.155,35.798,1217,385,1227,418
match_001,40,0.04,1,player,,51.616,56.195,3.626,13.053,66.367,815,514,836,555
match_001,40,0.04,2,player,,48.059,55.454,3.707,13.347,68.131,725,504,744,551
match_001,40,0.04,4,player,,48.231,18.693,9.447,34.01,196.984,746,366,757,396
match_001,40,0.04,6,player,,29.373,37.745,0.0,0.0,0.0,363,422,380,462
match_001,40,0.04,7,player,,69.721,46.226,5.139,18.501,3.439,1205,446,1223,492
match_001,40,0.04,10,player,,60.481,46.993,4.904,17.654,122.594,1008,456,1023,498
match_001,40,0.04,12,player,,65.436,31.808,0.0,0.0,-34.144,1055,398,1069,433
match_001,40,0.04,14,player,,38.329,27.158,0.0,0.0,0.0,570,390,583,422
match_001,40,0.04,15,player,,41.976,30.95,0.0,0.0,-182.569,628,400,641,434
match_001,40,0.04,16,player,,52.013,7.001,0.0,0.0,0.0,802,344,813,368
match_001,40,0.04,8,player,,53.094,33.187,0.0,0.0,0.0,832,403,844,440
match_001,40,0.04,3,player,,51.219,23.879,8.568,30.843,2.019,793,379,807,410
match_001,40,0.04,17,player,,74.924,8.726,12.268,44.163,10.539,1130,345,1142,369
match_001,40,0.04,18,player,,52.655,43.587,1.175,4.232,0.0,831,444,845,483
match_001,40,0.04,11,player,,75.452,27.741,0.0,0.0,-35.798,1217,385,1228,418
match_001,40,0.04,9,player,,62.735,22.377,11.164,40.192,241.342,984,373,995,404
match_001,40,0.04,13,player,,74.803,17.758,10.087,36.314,252.184,1162,362,1172,390
match_001,41,0.041,1,player,,51.616,56.195,0.0,0.0,-90.646,815,514,836,555
match_001,41,0.041,2,player,,48.098,55.455,0.985,3.545,-68.071,725,504,745,551
match_001,41,0.041,4,player,,48.293,18.696,1.574,5.666,-196.833,746,366,758,396
match_001,41,0.041,6,player,,29.423,37.748,1.265,4.556,31.637,364,422,380,462
match_001,41,0.041,7,player,,69.778,46.027,5.168,18.605,0.721,1205,446,1223,491
match_001,41,0.041,10,player,,60.481,46.993,0.0,0.0,-122.594,1008,456,1023,498
match_001,41,0.041,12,player,,65.436,31.808,0.0,0.0,0.0,1055,398,1069,433
match_001,41,0.041,14,player,,38.329,27.158,0.0,0.0,0.0,570,390,583,422
match_001,41,0.041,15,player,,41.976,30.95,0.0,0.0,0.0,628,400,641,434
match_001,41,0.041,16,player,,52.013,7.001,0.0,0.0,0.0,802,344,813,368
match_001,41,0.041,8,player,,53.094,33.187,0.0,0.0,0.0,833,403,844,440
match_001,41,0.041,3,player,,51.219,23.879,0.0,0.0,-214.19,793,379,807,410
match_001,41,0.041,17,player,,74.924,8.726,0.0,0.0,-306.69,1131,344,1142,369
match_001,41,0.041,18,player,,52.655,43.587,0.0,0.0,-29.387,831,444,845,483
match_001,41,0.041,11,player,,75.452,27.741,0.0,0.0,0.0,1217,385,1228,418
match_001,41,0.041,9,player,,62.796,22.38,1.516,5.458,-241.206,985,373,996,404
match_001,41,0.041,13,player,,74.803,17.758,0.0,0.0,-252.184,1162,362,1172,390
match_001,42,0.042,1,player,,51.616,56.195,0.0,0.0,0.0,815,514,835,555
match_001,42,0.042,2,player,,48.094,55.306,3.725,13.411,68.515,726,503,745,550
match_001,42,0.042,4,player,,48.289,18.315,9.52,34.272,198.651,746,366,759,395
match_001,42,0.042,6,player,,29.361,37.502,6.335,22.805,126.731,364,422,380,461
match_001,42,0.042,7,player,,69.732,46.025,1.139,4.102,-100.712,1205,446,1222,491
match_001,42,0.042,10,player,,60.481,46.993,0.0,0.0,0.0,1008,456,1023,498
match_001,42,0.042,12,player,,65.436,31.808,0.0,0.0,0.0,1055,398,1069,433
match_001,42,0.042,14,player,,38.329,27.158,0.0,0.0,0.0,570,389,583,422
match_001,42,0.042,15,player,,42.031,30.952,1.377,4.956,34.414,628,400,642,434
match_001,42,0.042,16,player,,52.013,7.001,0.0,0.0,0.0,802,344,812,368
match_001,42,0.042,8,player,,53.094,33.187,0.0,0.0,0.0,832,402,844,440
match_001,42,0.042,3,player,,51.219,23.879,0.0,0.0,0.0,793,379,808,410
match_001,42,0.042,17,player,,74.993,8.73,1.735,6.245,43.371,1132,343,1142,369
match_001,42,0.042,18,player,,52.655,43.587,0.0,0.0,0.0,831,443,845,483
match_001,42,0.042,11,player,,75.452,27.741,0.0,0.0,0.0,1217,384,1228,418
match_001,42,0.042,9,player,,62.747,22.731,8.876,31.953,183.995,984,374,997,405
match_001,43,0.043,1,player,,51.621,56.049,3.643,13.115,91.078,816,514,835,554
match_001,43,0.043,2,player,,48.091,55.157,3.743,13.476,0.453,726,503,745,549
match_001,43,0.043,4,player,,48.352,18.319,1.58,5.688,-198.498,747,366,759,395
match_001,43,0.043,6,player,,29.361,37.502,0.0,0.0,-158.369,364,422,380,461
match_001,43,0.043,7,player,,69.835,45.827,5.571,20.055,110.78,1206,446,1223,490
match_001,43,0.043,10,player,,60.556,46.801,5.15,18.539,128.745,1008,455,1024,497
match_001,43,0.043,12,player,,65.436,31.808,0.0,0.0,0.0,1055,398,1069,433
match_001,43,0.043,14,player,,38.329,27.158,0.0,0.0,0.0,570,389,583,422
match_001,43,0.043,15,player,,42.056,31.241,7.253,26.111,146.912,628,400,642,435
match_001,43,0.043,16,player,,52.013,7.001,0.0,0.0,0.0,802,343,813,368
match_001,43,0.043,8,player,,53.094,33.187,0.0,0.0,0.0,832,402,844,440
match_001,43,0.043,3,player,,51.219,23.879,0.0,0.0,0.0,793,379,808,410
match_001,43,0.043,17,player,,75.063,8.734,1.735,6.245,-0.005,1133,344,1143,369
match_001,43,0.043,18,player,,52.664,43.375,5.316,19.139,132.91,831,443,845,482
match_001,43,0.043,11,player,,75.601,27.428,8.683,31.259,217.077,1218,384,1229,417
match_001,43,0.043,9,player,,62.807,22.734,1.51,5.438,-184.136,985,374,998,405
match_001,44,0.044,1,player,,51.621,56.049,0.0,0.0,-91.078,816,514,835,554
match_001,44,0.044,2,player,,48.091,55.157,0.0,0.0,-93.584,726,502,745,549
match_001,44,0.044,4,player,,48.352,18.319,0.0,0.0,-39.5,747,365,760,395
match_001,44,0.044,6,player,,29.474,37.75,6.812,24.524,170.305,365,422,381,462
match_001,44,0.044,7,player,,69.835,45.827,0.0,0.0,-139.267,1206,446,1223,490
match_001,44,0.044,10,player,,60.556,46.801,0.0,0.0,-128.745,1008,455,1024,497
match_001,44,0.044,12,player,,65.436,31.808,0.0,0.0,0.0,1056,398,1069,433
match_001,44,0.044,14,player,,38.386,27.16,1.437,5.173,35.926,571,389,583,422
match_001,44,0.044,15,player,,42.056,31.241,0.0,0.0,-181.326,628,400,642,435
match_001,44,0.044,16,player,,51.943,6.998,1.762,6.342,44.04,801,343,812,368
match_001,44,0.044,8,player,,53.094,33.187,0.0,0.0,0.0,832,403,844,440
match_001,44,0.044,3,player,,51.219,23.879,0.0,0.0,0.0,793,379,808,410
match_001,44,0.044,17,player,,75.063,8.734,0.0,0.0,-43.366,1133,345,1143,369
match_001,44,0.044,18,player,,52.655,43.587,5.316,19.139,0.0,831,444,845,483
match_001,44,0.044,11,player,,75.509,27.744,8.24,29.664,-11.076,1218,384,1229,418
match_001,44,0.044,9,player,,62.867,22.737,1.51,5.437,-0.002,985,374,999,405
match_001,45,0.045,1,player,,51.621,56.049,0.0,0.0,0.0,815,515,835,554
match_001,45,0.045,2,player,,48.091,55.157,0.0,0.0,0.0,726,502,744,549
match_001,45,0.045,4,player,,48.352,18.319,0.0,0.0,0.0,747,365,760,395
match_001,45,0.045,6,player,,29.474,37.75,0.0,0.0,-170.305,365,422,382,462
match_001,45,0.045,7,player,,69.835,45.827,0.0,0.0,0.0,1206,446,1223,490
match_001,45,0.045,10,player,,60.541,46.604,4.937,17.771,123.413,1007,455,1024,496
match_001,45,0.045,12,player,,65.436,31.808,0.0,0.0,0.0,1056,398,1069,433
match_001,45,0.045,14,player,,38.347,26.843,7.983,28.74,163.66,571,389,584,421
match_001,45,0.045,15,player,,41.976,30.95,7.564,27.23,189.094,628,400,641,434
match_001,45,0.045,16,player,,51.943,6.998,0.0,0.0,-44.04,801,343,812,368
match_001,45,0.045,8,player,,53.094,33.187,0.0,0.0,0.0,832,403,844,440
match_001,45,0.045,3,player,,51.154,24.216,8.568,30.843,214.19,792,380,807,411
match_001,45,0.045,17,player,,74.954,9.195,11.849,42.658,296.234,1134,346,1143,370
match_001,45,0.045,18,player,,52.655,43.587,0.0,0.0,-132.91,831,444,845,483
match_001,45,0.045,11,player,,75.509,27.744,0.0,0.0,-206.001,1218,384,1228,418
match_001,45,0.045,9,player,,62.818,23.086,8.811,31.719,182.514,985,375,999,406
match_001,46,0.046,1,player,,51.621,56.049,0.0,0.0,0.0,815,515,835,554
match_001,46,0.046,2,player,,48.091,55.157,0.0,0.0,0.0,726,502,744,549
match_001,46,0.046,4,player,,48.352,18.319,0.0,0.0,0.0,747,365,760,395
match_001,46,0.046,6,player,,29.412,37.504,6.334,22.801,158.34,365,422,382,461
match_001,46,0.046,7,player,,69.88,45.829,1.143,4.114,28.568,1207,446,1223,490
match_001,46,0.046,10,player,,60.541,46.604,0.0,0.0,-123.413,1007,454,1024,496
match_001,46,0.046,14,player,,38.404,26.846,1.442,5.192,-163.533,572,389,584,421
match_001,46,0.046,15,player,,41.976,30.95,0.0,0.0,-189.094,628,401,641,434
match_001,46,0.046,16,player,,51.933,7.471,11.837,42.613,295.925,801,342,812,369
match_001,46,0.046,8,player,,53.094,33.187,0.0,0.0,0.0,832,403,844,440
match_001,46,0.046,3,player,,51.154,24.216,0.0,0.0,-214.19,792,380,807,411
match_001,46,0.046,17,player,,74.954,9.195,0.0,0.0,-296.234,1134,345,1143,370
match_001,46,0.046,18,player,,52.655,43.587,0.0,0.0,0.0,831,444,845,483
match_001,46,0.046,11,player,,75.566,27.747,1.432,5.154,35.793,1219,384,1229,418
match_001,46,0.046,9,player,,62.878,23.09,1.505,5.417,-182.655,986,375,1000,406
match_001,47,0.047,1,player,,51.621,56.049,0.0,0.0,0.0,815,514,836,554
match_001,47,0.047,2,player,,48.091,55.157,0.0,0.0,0.0,726,502,745,549
match_001,47,0.047,4,player,,48.415,18.322,1.58,5.687,39.495,747,366,761,395
match_001,47,0.047,6,player,,29.462,37.507,1.269,4.57,-126.604,366,422,382,461
match_001,47,0.047,7,player,,69.88,45.829,0.0,0.0,-28.568,1207,445,1224,490
match_001,47,0.047,10,player,,60.587,46.606,1.129,4.064,28.22,1008,454,1024,496
match_001,47,0.047,14,player,,38.444,27.163,7.982,28.737,163.508,572,390,584,422
match_001,47,0.047,15,player,,41.976,30.95,0.0,0.0,0.0,628,401,641,434
match_001,47,0.047,16,player,,51.933,7.471,0.0,0.0,-295.925,801,342,812,369
match_001,47,0.047,8,player,,53.147,33.189,1.342,4.832,33.554,833,403,845,440
match_001,47,0.047,3,player,,51.213,24.219,1.486,5.348,37.138,793,379,808,411
match_001,47,0.047,17,player,,74.954,9.195,0.0,0.0,0.0,1134,345,1143,370
match_001,47,0.047,18,player,,52.702,43.589,1.175,4.232,29.387,832,445,846,483
match_001,47,0.047,11,player,,75.566,27.747,0.0,0.0,-35.793,1219,385,1230,418
match_001,47,0.047,9,player,,62.878,23.09,0.0,0.0,-37.619,986,375,1000,406
match_001,47,0.047,12,player,,65.544,31.523,7.616,27.419,190.411,1057,398,1069,432
match_001,48,0.048,1,player,,51.616,56.195,3.643,13.115,91.078,815,515,836,555
match_001,48,0.048,2,player,,48.091,55.157,0.0,0.0,0.0,726,502,745,549
match_001,48,0.048,4,player,,48.415,18.322,0.0,0.0,-39.495,747,366,761,395
match_001,48,0.048,6,player,,29.462,37.507,0.0,0.0,-31.735,366,421,382,461
match_001,48,0.048,7,player,,69.823,46.029,5.198,18.712,129.945,1207,445,1224,491
match_001,48,0.048,10,player,,60.556,46.801,4.931,17.753,95.065,1008,454,1024,497
match_001,48,0.048,14,player,,38.501,27.166,1.437,5.173,-163.637,573,390,585,422
match_001,48,0.048,15,player,,41.976,30.95,0.0,0.0,0.0,628,401,641,434
match_001,48,0.048,16,player,,51.933,7.471,0.0,0.0,0.0,801,341,812,369
match_001,48,0.048,8,player,,53.094,33.187,1.342,4.832,0.0,833,403,844,440
match_001,48,0.048,3,player,,51.213,24.219,0.0,0.0,-37.138,793,380,808,411
match_001,48,0.048,17,player,,75.023,9.199,1.727,6.218,43.18,1134,345,1144,370
match_001,48,0.048,18,player,,52.702,43.589,0.0,0.0,-29.387,832,445,846,483
match_001,48,0.048,11,player,,75.566,27.747,0.0,0.0,0.0,1219,385,1230,418
match_001,48,0.048,9,player,,62.938,23.093,1.505,5.417,37.619,987,375,1001,406
match_001,49,0.049,1,player,,51.616,56.195,0.0,0.0,-91.078,815,515,835,555
match_001,49,0.049,2,player,,48.091,55.157,0.0,0.0,0.0,726,502,745,549
match_001,49,0.049,4,player,,48.419,18.703,9.519,34.268,237.97,747,366,762,396
match_001,49,0.049,6,player,,29.462,37.507,0.0,0.0,0.0,366,421,382,461
match_001,49,0.049,7,player,,69.972,45.833,6.141,22.109,23.59,1210,444,1224,490
match_001,49,0.049,10,player,,60.556,46.801,0.0,0.0,-123.285,1009,454,1024,497
match_001,49,0.049,14,player,,38.501,27.166,0.0,0.0,-35.924,573,390,585,422
match_001,49,0.049,15,player,,42.001,31.239,7.254,26.114,181.344,628,401,640,435
match_001,49,0.049,16,player,,51.933,7.471,0.0,0.0,0.0,800,341,812,369
match_001,49,0.049,8,player,,53.094,33.187,0.0,0.0,-33.554,832,403,844,440
match_001,49,0.049,3,player,,51.213,24.219,0.0,0.0,0.0,793,380,808,411
match_001,49,0.049,17,player,,75.023,9.199,0.0,0.0,-43.18,1135,345,1144,370
match_001,49,0.049,18,player,,52.655,43.587,1.175,4.232,29.387,831,446,845,483
match_001,49,0.049,11,player,,75.716,27.434,8.687,31.272,217.168,1219,385,1231,417
match_001,49,0.049,9,player,,62.998,23.096,1.505,5.417,-0.002,989,375,1001,406
match_001,50,0.05,1,player,,51.616,56.195,0.0,0.0,0.0,816,515,835,555
match_001,50,0.05,2,player,,48.13,55.158,0.989,3.562,24.735,727,502,746,549
match_001,50,0.05,4,player,,48.482,18.706,1.574,5.665,-198.628,748,367,762,396
match_001,50,0.05,6,player,,29.462,37.507,0.0,0.0,0.0,367,421,382,461
match_001,50,0.05,7,player,,69.972,45.833,0.0,0.0,-153.535,1210,444,1225,490
match_001,50,0.05,10,player,,60.601,46.803,1.126,4.052,28.141,1009,454,1025,497
match_001,50,0.05,14,player,,38.501,27.166,0.0,0.0,0.0,573,391,585,422
match_001,50,0.05,15,player,,42.001,31.239,0.0,0.0,-181.344,628,401,640,435
match_001,50,0.05,16,player,,51.933,7.471,0.0,0.0,0.0,800,340,812,369
match_001,50,0.05,8,player,,53.094,33.187,0.0,0.0,0.0,832,403,844,440
match_001,50,0.05,3,player,,51.207,24.555,8.425,30.329,210.621,793,380,808,412
match_001,50,0.05,17,player,,75.092,9.203,1.727,6.218,43.18,1135,345,1145,370
match_001,50,0.05,18,player,,52.655,43.587,0.0,0.0,-29.387,831,446,845,483
match_001,50,0.05,11,player,,75.716,27.434,0.0,0.0,-217.168,1220,386,1231,417
match_001,50,0.05,9,player,,63.058,23.099,1.505,5.417,0.0,991,375,1001,406
match_001,51,0.051,1,player,,51.612,56.339,3.626,13.053,90.646,816,515,835,556
match_001,51,0.051,2,player,,48.13,55.158,0.0,0.0,-24.735,727,502,746,549
match_001,51,0.051,4,player,,48.545,18.709,1.574,5.665,-0.0,750,367,763,396
match_001,51,0.051,6,player,,29.451,37.262,6.124,22.047,153.103,367,421,383,460
match_001,51,0.051,7,player,,70.017,45.835,1.143,4.114,28.568,1211,444,1225,490
match_001,51,0.051,10,player,,60.601,46.803,0.0,0.0,-28.141,1009,453,1025,497
match_001,51,0.051,14,player,,38.501,27.166,0.0,0.0,0.0,573,391,585,422
match_001,51,0.051,15,player,,42.001,31.239,0.0,0.0,0.0,628,401,640,435
match_001,51,0.051,16,player,,51.933,7.471,0.0,0.0,0.0,800,340,812,369
match_001,51,0.051,8,player,,53.094,33.187,0.0,0.0,0.0,832,403,844,440
match_001,51,0.051,3,player,,51.207,24.555,0.0,0.0,-210.621,793,380,808,412
match_001,51,0.051,17,player,,75.092,9.203,0.0,0.0,-43.18,1135,345,1145,370
match_001,51,0.051,18,player,,52.655,43.587,0.0,0.0,0.0,831,446,845,483
match_001,51,0.051,11,player,,75.773,27.436,1.437,5.172,35.917,1220,386,1232,417
match_001,51,0.051,9,player,,63.118,23.102,1.505,5.417,-0.0,992,376,1002,406
match_001,52,0.052,1,player,,51.65,56.341,0.971,3.497,-66.365,816,515,836,556
match_001,52,0.052,2,player,,48.127,55.008,3.761,13.541,94.034,727,502,746,548
match_001,52,0.052,4,player,,48.545,18.709,0.0,0.0,-39.342,750,366,763,396
match_001,52,0.052,6,player,,29.451,37.262,0.0,0.0,-153.103,368,421,383,460
match_001,52,0.052,7,player,,69.948,46.236,10.167,36.601,225.602,1211,444,1228,492
match_001,52,0.052,10,player,,60.632,46.608,4.932,17.754,123.29,1010,453,1025,496
match_001,52,0.052,14,player,,38.501,27.166,0.0,0.0,0.0,573,391,585,422
match_001,52,0.052,15,player,,41.976,30.95,7.254,26.114,181.344,628,401,640,434
match_001,52,0.052,16,player,,51.933,7.471,0.0,0.0,0.0,800,340,813,369
match_001,52,0.052,8,player,,53.094,33.187,0.0,0.0,0.0,833,403,844,440
match_001,52,0.052,3,player,,51.207,24.555,0.0,0.0,0.0,793,380,808,412
match_001,52,0.052,17,player,,75.092,9.203,0.0,0.0,0.0,1135,345,1145,370
match_001,52,0.052,18,player,,52.702,43.589,1.175,4.232,29.387,832,445,846,483
match_001,52,0.052,11,player,,75.773,27.436,0.0,0.0,-35.917,1220,386,1232,417
match_001,52,0.052,9,player,,63.118,23.102,0.0,0.0,-37.616,992,376,1002,406
match_001,53,0.053,1,player,,51.612,56.339,0.971,3.497,0.0,815,515,835,556
match_001,53,0.053,2,player,,48.127,55.008,0.0,0.0,-94.034,727,502,745,548
match_001,53,0.053,4,player,,48.604,18.332,9.551,34.382,238.764,752,366,763,395
match_001,53,0.053,6,player,,29.502,37.264,1.273,4.584,31.832,368,421,384,460
match_001,53,0.053,7,player,,70.109,45.84,10.696,38.505,13.226,1211,443,1229,490
match_001,53,0.053,10,player,,60.632,46.608,0.0,0.0,-123.29,1010,453,1025,496
match_001,53,0.053,14,player,,38.462,26.849,7.981,28.733,199.537,573,391,585,421
match_001,53,0.053,15,player,,41.921,30.947,1.377,4.956,-146.93,627,401,640,434
match_001,53,0.053,16,player,,51.933,7.471,0.0,0.0,0.0,800,340,812,369
match_001,53,0.053,8,player,,53.094,33.187,0.0,0.0,0.0,832,403,844,440
match_001,53,0.053,3,player,,51.148,24.552,1.48,5.329,37.007,792,380,807,412
match_001,53,0.053,17,player,,75.092,9.203,0.0,0.0,0.0,1135,344,1145,370
match_001,53,0.053,18,player,,52.655,43.587,1.175,4.232,0.0,831,445,846,483
match_001,53,0.053,11,player,,75.773,27.436,0.0,0.0,0.0,1220,386,1232,417
match_001,53,0.053,9,player,,63.179,23.105,1.505,5.416,37.614,993,376,1003,406
match_001,54,0.054,1,player,,51.65,56.341,0.971,3.497,0.0,816,515,836,556
match_001,54,0.054,2,player,,48.127,55.008,0.0,0.0,0.0,727,502,745,548
match_001,54,0.054,6,player,,29.502,37.264,0.0,0.0,-31.832,369,421,384,460
match_001,54,0.054,7,player,,70.109,45.84,0.0,0.0,-267.396,1211,443,1230,490
match_001,54,0.054,10,player,,60.677,46.61,1.129,4.063,28.215,1011,453,1026,496
match_001,54,0.054,14,player,,38.462,26.849,0.0,0.0,-199.537,573,391,585,421
match_001,54,0.054,15,player,,41.921,30.947,0.0,0.0,-34.414,627,401,639,434
match_001,54,0.054,16,player,,51.943,6.998,11.837,42.613,295.925,801,340,812,368
match_001,54,0.054,8,player,,53.147,33.189,1.342,4.832,33.554,833,403,845,440
match_001,54,0.054,3,player,,51.207,24.555,1.48,5.329,0.0,793,380,808,412
match_001,54,0.054,17,player,,75.092,9.203,0.0,0.0,0.0,1135,344,1145,370
match_001,54,0.054,18,player,,52.702,43.589,1.175,4.232,0.0,832,443,846,483
match_001,54,0.054,11,player,,75.773,27.436,0.0,0.0,0.0,1220,386,1233,417
match_001,54,0.054,9,player,,63.179,23.105,0.0,0.0,-37.614,993,376,1003,406
match_001,55,0.055,1,player,,51.65,56.341,0.0,0.0,-24.281,816,514,836,556
match_001,55,0.055,2,player,,48.123,54.857,3.78,13.607,94.491,727,501,745,547
match_001,55,0.055,6,player,,29.552,37.267,1.273,4.584,31.832,369,421,385,460
match_001,55,0.055,7,player,,70.109,45.84,0.0,0.0,0.0,1211,443,1230,490
match_001,55,0.055,10,player,,60.677,46.61,0.0,0.0,-28.215,1011,453,1026,496
match_001,55,0.055,14,player,,38.462,26.849,0.0,0.0,0.0,573,391,585,421
match_001,55,0.055,15,player,,41.84,30.653,7.617,27.42,190.417,626,401,639,433
match_001,55,0.055,16,player,,51.943,6.998,0.0,0.0,-295.925,801,340,812,368
match_001,55,0.055,8,player,,53.159,32.912,6.932,24.956,139.754,833,402,845,439
match_001,55,0.055,3,player,,51.207,24.555,0.0,0.0,-37.007,793,379,808,412
match_001,55,0.055,17,player,,75.201,8.741,11.852,42.666,296.289,1135,344,1146,369
match_001,55,0.055,18,player,,52.711,43.377,5.316,19.139,103.522,832,443,846,482
match_001,55,0.055,11,player,,75.773,27.436,0.0,0.0,0.0,1220,386,1233,417
match_001,55,0.055,9,player,,63.179,23.105,0.0,0.0,0.0,993,376,1004,406
match_001,56,0.056,1,player,,51.655,56.196,3.626,13.053,90.646,816,514,836,555
match_001,56,0.056,2,player,,48.12,54.705,3.798,13.673,0.463,727,501,745,546
match_001,56,0.056,6,player,,29.552,37.267,0.0,0.0,-31.832,370,420,385,460
match_001,56,0.056,7,player,,70.213,45.641,5.61,20.196,140.247,1212,443,1231,489
match_001,56,0.056,10,player,,60.753,46.416,5.208,18.749,130.203,1011,453,1027,495
match_001,56,0.056,14,player,,38.462,26.849,0.0,0.0,0.0,573,391,585,421
match_001,56,0.056,15,player,,41.866,30.944,7.304,26.295,-7.81,626,402,639,434
match_001,56,0.056,16,player,,51.933,7.471,11.837,42.613,295.925,801,340,812,369
match_001,56,0.056,8,player,,53.159,32.912,0.0,0.0,-173.308,833,402,845,439
match_001,56,0.056,3,player,,51.207,24.555,0.0,0.0,0.0,793,379,808,412
match_001,56,0.056,17,player,,75.201,8.741,0.0,0.0,-296.289,1135,344,1146,369
match_001,56,0.056,18,player,,52.711,43.377,0.0,0.0,-132.909,832,442,847,482
match_001,56,0.056,11,player,,75.681,27.753,8.243,29.676,206.08,1220,386,1233,418
match_001,56,0.056,9,player,,63.29,22.759,9.079,32.684,226.971,994,377,1005,405
match_001,57,0.057,1,player,,51.655,56.196,0.0,0.0,-90.646,816,514,836,555
match_001,57,0.057,2,player,,48.113,54.399,7.652,27.548,96.354,727,501,745,544
match_001,57,0.057,6,player,,29.603,37.269,1.273,4.584,31.831,370,420,386,460
match_001,57,0.057,7,player,,70.258,45.643,1.146,4.125,-111.602,1213,443,1231,489
match_001,57,0.057,10,player,,60.753,46.416,0.0,0.0,-130.203,1012,453,1027,495
match_001,57,0.057,14,player,,38.462,26.849,0.0,0.0,0.0,574,391,585,421
match_001,57,0.057,15,player,,41.866,30.944,0.0,0.0,-182.607,626,402,639,434
match_001,57,0.057,16,player,,52.003,7.475,1.754,6.314,-252.076,801,340,813,369
match_001,57,0.057,8,player,,53.159,32.912,0.0,0.0,0.0,833,402,845,439
match_001,57,0.057,3,player,,51.207,24.555,0.0,0.0,0.0,793,379,808,412
match_001,57,0.057,17,player,,75.201,8.741,0.0,0.0,0.0,1135,344,1146,369
match_001,57,0.057,18,player,,52.711,43.377,0.0,0.0,0.0,832,442,847,482
match_001,57,0.057,11,player,,75.738,27.756,1.432,5.154,-170.287,1220,386,1234,418
match_001,57,0.057,9,player,,63.299,23.111,8.801,31.684,-6.942,994,377,1006,406
match_001,58,0.058,1,player,,51.655,56.196,0.0,0.0,0.0,816,514,836,555
match_001,58,0.058,2,player,,48.073,54.397,1.002,3.606,-166.27,727,500,744,544
match_001,58,0.058,6,player,,29.541,37.021,6.407,23.063,128.332,370,421,387,459
match_001,58,0.058,7,player,,70.317,45.441,5.262,18.942,102.896,1214,444,1231,488
match_001,58,0.058,10,player,,60.798,46.418,1.132,4.074,28.294,1012,453,1028,495
match_001,58,0.058,14,player,,38.462,26.849,0.0,0.0,0.0,574,391,585,421
match_001,58,0.058,15,player,,41.811,30.942,1.377,4.956,34.416,625,402,638,434
match_001,58,0.058,16,player,,51.933,7.471,1.754,6.314,0.0,800,340,813,369
match_001,58,0.058,8,player,,53.159,32.912,0.0,0.0,0.0,833,402,845,439
match_001,58,0.058,3,player,,51.266,24.558,1.48,5.329,37.004,794,379,808,412
match_001,58,0.058,17,player,,75.201,8.741,0.0,0.0,0.0,1135,343,1146,369
match_001,58,0.058,18,player,,52.711,43.377,0.0,0.0,0.0,832,442,847,482
match_001,58,0.058,11,player,,75.738,27.756,0.0,0.0,-35.793,1220,385,1235,418
match_001,58,0.058,9,player,,63.35,22.762,8.814,31.73,0.321,994,377,1007,405
match_001,58,0.058,4,player,,48.859,18.726,11.728,42.222,54.444,755,366,767,396
match_001,59,0.059,1,player,,51.621,56.049,3.779,13.606,94.487,815,514,836,554
match_001,59,0.059,2,player,,48.069,54.243,3.855,13.877,71.327,727,500,744,543
match_001,59,0.059,6,player,,29.592,37.023,1.277,4.598,-128.233,370,421,389,459
match_001,59,0.059,7,player,,70.317,45.441,0.0,0.0,-131.541,1214,444,1231,488
match_001,59,0.059,10,player,,60.767,46.614,4.96,17.856,95.706,1012,453,1028,496
match_001,59,0.059,14,player,,38.462,26.849,0.0,0.0,0.0,574,390,585,421
match_001,59,0.059,15,player,,41.837,31.231,7.256,26.121,146.981,624,402,638,435
match_001,59,0.059,16,player,,51.933,7.471,0.0,0.0,-43.848,801,340,812,369
match_001,59,0.059,8,player,,53.105,32.91,1.347,4.848,33.664,832,402,844,439
match_001,59,0.059,3,player,,51.207,24.555,1.48,5.329,0.0,794,379,807,412
match_001,59,0.059,17,player,,75.201,8.741,0.0,0.0,0.0,1135,343,1146,369
match_001,59,0.059,18,player,,52.711,43.377,0.0,0.0,0.0,831,442,847,482
match_001,59,0.059,11,player,,75.646,28.07,8.186,29.471,204.658,1220,385,1235,419
match_001,59,0.059,9,player,,63.35,22.762,0.0,0.0,-220.351,994,377,1007,405
match_001,59,0.059,4,player,,48.922,18.729,1.573,5.664,-253.874,756,366,768,396
match_001,59,0.059,13,player,,74.803,17.758,0.0,0.0,0.0,1162,362,1173,390
match_001,60,0.06,1,player,,51.621,56.049,0.0,0.0,-94.487,815,514,835,554
match_001,60,0.06,2,player,,48.073,54.397,3.855,13.877,0.0,727,500,744,544
match_001,60,0.06,6,player,,29.643,37.026,1.277,4.598,-0.001,371,421,389,459
match_001,60,0.06,7,player,,70.363,45.443,1.149,4.137,28.726,1214,444,1232,488
match_001,60,0.06,10,player,,60.767,46.614,0.0,0.0,-124.0,1013,454,1028,496
match_001,60,0.06,14,player,,38.501,27.166,7.981,28.733,199.537,574,390,585,422
match_001,60,0.06,15,player,,41.837,31.231,0.0,0.0,-181.397,624,403,638,435
match_001,60,0.06,16,player,,52.003,7.475,1.754,6.314,43.848,801,340,813,369
match_001,60,0.06,8,player,,53.105,32.91,0.0,0.0,-33.664,832,402,845,439
match_001,60,0.06,3,player,,51.207,24.555,0.0,0.0,-37.004,794,379,807,412
match_001,60,0.06,17,player,,75.161,9.206,11.67,42.012,291.748,1135,343,1147,370
match_001,60,0.06,18,player,,52.711,43.377,0.0,0.0,0.0,831,442,847,482
match_001,60,0.06,11,player,,75.646,28.07,0.0,0.0,-204.658,1220,385,1235,419
match_001,60,0.06,9,player,,63.41,22.765,1.51,5.436,37.75,994,377,1008,405
match_001,60,0.06,4,player,,48.922,18.729,0.0,0.0,-39.335,756,366,768,396
match_001,60,0.06,13,player,,74.966,17.37,10.517,37.86,262.918,1162,363,1174,389
match_001,61,0.061,1,player,,51.621,56.049,0.0,0.0,0.0,815,514,835,554
match_001,61,0.061,2,player,,48.073,54.397,0.0,0.0,-96.365,727,499,744,544
match_001,61,0.061,6,player,,29.643,37.026,0.0,0.0,-31.929,371,421,390,459
match_001,61,0.061,7,player,,70.363,45.443,0.0,0.0,-28.726,1215,444,1232,488
match_001,61,0.061,10,player,,60.767,46.614,0.0,0.0,0.0,1012,454,1029,496
match_001,61,0.061,14,player,,38.501,27.166,0.0,0.0,-199.537,574,390,585,422
match_001,61,0.061,15,player,,41.782,31.228,1.372,4.939,34.301,624,403,637,435
match_001,61,0.061,16,player,,52.013,7.001,11.837,42.612,252.065,801,340,813,368
match_001,61,0.061,8,player,,53.105,32.91,0.0,0.0,0.0,832,402,845,439
match_001,61,0.061,3,player,,51.207,24.555,0.0,0.0,0.0,794,378,807,412
match_001,61,0.061,17,player,,75.161,9.206,0.0,0.0,-291.748,1135,343,1147,370
match_001,61,0.061,18,player,,52.711,43.377,0.0,0.0,0.0,831,442,847,482
match_001,61,0.061,11,player,,75.703,28.073,1.427,5.136,35.664,1220,384,1236,419
match_001,61,0.061,9,player,,63.47,22.768,1.51,5.436,0.0,995,377,1009,405
match_001,61,0.061,4,player,,48.922,18.729,0.0,0.0,0.0,756,366,769,396
match_001,61,0.061,13,player,,74.966,17.37,0.0,0.0,-262.918,1162,363,1174,389
match_001,62,0.062,1,player,,51.621,56.049,0.0,0.0,0.0,815,515,835,554
match_001,62,0.062,2,player,,48.073,54.397,0.0,0.0,0.0,727,499,744,544
match_001,62,0.062,6,player,,29.694,37.028,1.277,4.598,31.929,372,422,390,459
match_001,62,0.062,7,player,,70.409,45.445,1.149,4.137,28.726,1215,444,1233,488
match_001,62,0.062,10,player,,60.843,46.42,5.21,18.756,130.249,1012,454,1030,495
match_001,62,0.062,14,player,,38.558,27.169,1.437,5.173,35.922,574,391,586,422
match_001,62,0.062,15,player,,41.782,31.228,0.0,0.0,-34.301,624,403,637,435
match_001,62,0.062,16,player,,52.003,7.475,11.837,42.612,0.0,802,340,812,369
match_001,62,0.062,8,player,,53.094,33.187,6.932,24.957,173.31,832,402,845,440
match_001,62,0.062,3,player,,51.213,24.219,8.425,30.329,210.621,794,378,807,411
match_001,62,0.062,17,player,,75.161,9.206,0.0,0.0,0.0,1135,343,1147,370
match_001,62,0.062,18,player,,52.655,43.587,5.441,19.588,136.03,830,441,847,483
match_001,62,0.062,11,player,,75.703,28.073,0.0,0.0,-35.664,1221,384,1236,419
match_001,62,0.062,9,player,,63.419,23.117,8.815,31.733,182.62,995,377,1009,406
match_001,62,0.062,4,player,,48.922,18.729,0.0,0.0,0.0,756,367,769,396
match_001,62,0.062,13,player,,74.867,17.761,10.088,36.318,252.211,1162,363,1174,390
match_001,63,0.063,1,player,,51.66,56.051,0.976,3.513,24.398,816,516,836,554
match_001,63,0.063,2,player,,48.113,54.399,1.002,3.606,25.038,727,499,745,544
match_001,63,0.063,6,player,,29.694,37.028,0.0,0.0,-31.929,372,422,390,459
match_001,63,0.063,7,player,,70.514,45.244,5.676,20.433,113.172,1216,445,1234,487
match_001,63,0.063,10,player,,60.857,46.618,4.961,17.86,-6.22,1013,454,1031,496
match_001,63,0.063,14,player,,38.558,27.169,0.0,0.0,-35.922,574,390,586,422
match_001,63,0.063,15,player,,41.782,31.228,0.0,0.0,0.0,624,403,637,435
match_001,63,0.063,16,player,,52.003,7.475,0.0,0.0,-295.914,801,340,813,369
match_001,63,0.063,8,player,,53.147,33.189,1.342,4.832,-139.756,833,402,846,440
match_001,63,0.063,3,player,,51.213,24.219,0.0,0.0,-210.621,793,378,808,411
match_001,63,0.063,17,player,,75.161,9.206,0.0,0.0,0.0,1135,343,1147,370
match_001,63,0.063,18,player,,52.702,43.589,1.175,4.232,-106.642,831,441,847,483
match_001,63,0.063,11,player,,75.703,28.073,0.0,0.0,0.0,1221,385,1236,419
match_001,63,0.063,9,player,,63.419,23.117,0.0,0.0,-220.37,995,377,1010,406
match_001,63,0.063,4,player,,48.985,18.732,1.573,5.664,39.332,757,367,769,396
match_001,63,0.063,13,player,,74.867,17.761,0.0,0.0,-252.211,1163,363,1174,390
match_001,64,0.064,1,player,,51.66,56.051,0.0,0.0,-24.398,816,516,836,554
match_001,64,0.064,2,player,,48.113,54.399,0.0,0.0,-25.038,727,499,745,544
match_001,64,0.064,6,player,,29.694,37.028,0.0,0.0,0.0,373,422,390,459
match_001,64,0.064,7,player,,70.56,45.246,1.152,4.148,-113.091,1218,445,1234,487
match_001,64,0.064,10,player,,60.857,46.618,0.0,0.0,-124.029,1014,454,1031,496
match_001,64,0.064,14,player,,38.558,27.169,0.0,0.0,0.0,574,389,586,422
match_001,64,0.064,15,player,,41.808,31.515,7.208,25.949,180.201,624,403,637,436
match_001,64,0.064,16,player,,51.933,7.471,1.754,6.314,43.848,801,341,812,369
match_001,64,0.064,8,player,,53.159,32.912,6.932,24.956,139.754,833,402,845,439
match_001,64,0.064,3,player,,51.213,24.219,0.0,0.0,0.0,793,378,808,411
match_001,64,0.064,17,player,,75.271,8.745,11.853,42.67,296.316,1135,343,1147,369
match_001,64,0.064,18,player,,52.702,43.589,0.0,0.0,-29.387,831,441,847,483
match_001,64,0.064,11,player,,75.703,28.073,0.0,0.0,0.0,1221,385,1236,419
match_001,64,0.064,9,player,,63.479,23.12,1.504,5.415,37.607,995,378,1011,406
match_001,64,0.064,4,player,,48.987,19.11,9.441,33.988,196.694,757,367,770,397
match_001,64,0.064,13,player,,74.867,17.761,0.0,0.0,0.0,1163,363,1174,390
match_001,65,0.065,1,player,,51.66,56.051,0.0,0.0,0.0,816,517,836,554
match_001,65,0.065,2,player,,48.113,54.399,0.0,0.0,0.0,727,499,745,544
match_001,65,0.065,6,player,,29.694,37.028,0.0,0.0,0.0,373,422,390,459
match_001,65,0.065,7,player,,70.56,45.246,0.0,0.0,-28.807,1219,445,1234,487
match_001,65,0.065,10,player,,60.934,46.425,5.212,18.763,130.297,1015,454,1031,495
match_001,65,0.065,14,player,,38.558,27.169,0.0,0.0,0.0,574,389,586,422
match_001,65,0.065,15,player,,41.808,31.515,0.0,0.0,-180.201,623,403,637,436
match_001,65,0.065,16,player,,51.933,7.471,0.0,0.0,-43.848,801,341,812,369
match_001,65,0.065,8,player,,53.159,32.912,0.0,0.0,-173.308,833,402,845,439
match_001,65,0.065,3,player,,51.213,24.219,0.0,0.0,0.0,793,378,808,411
match_001,65,0.065,17,player,,75.271,8.745,0.0,0.0,-296.316,1135,343,1147,369
match_001,65,0.065,18,player,,52.702,43.589,0.0,0.0,0.0,831,442,847,483
match_001,65,0.065,11,player,,75.703,28.073,0.0,0.0,0.0,1221,385,1236,419
match_001,65,0.065,9,player,,63.479,23.12,0.0,0.0,-37.607,996,378,1011,406
match_001,65,0.065,4,player,,48.985,18.732,9.441,33.988,0.0,757,367,770,396
match_001,65,0.065,13,player,,74.867,17.761,0.0,0.0,0.0,1163,363,1174,390
match_001,66,0.066,1,player,,51.621,56.049,0.976,3.513,24.398,815,517,835,554
match_001,66,0.066,2,player,,48.069,54.243,4.047,14.569,101.176,726,499,745,543
match_001,66,0.066,6,player,,29.694,37.028,0.0,0.0,0.0,373,422,390,459
match_001,66,0.066,7,player,,70.606,45.248,1.152,4.148,28.807,1220,445,1234,487
match_001,66,0.066,10,player,,60.934,46.425,0.0,0.0,-130.297,1015,454,1031,495
match_001,66,0.066,14,player,,38.558,27.169,0.0,0.0,0.0,574,389,586,422
match_001,66,0.066,15,player,,41.834,31.8,7.16,25.776,178.999,623,403,637,437
match_001,66,0.066,16,player,,51.863,7.467,1.754,6.315,43.851,800,341,811,369
match_001,66,0.066,8,player,,53.105,32.91,1.347,4.848,33.664,832,402,845,439
match_001,66,0.066,3,player,,51.154,24.216,1.486,5.348,37.138,792,379,807,411
match_001,66,0.066,17,player,,75.271,8.745,0.0,0.0,0.0,1135,342,1147,369
match_001,66,0.066,18,player,,52.655,43.587,1.175,4.232,29.387,831,442,846,483
match_001,66,0.066,11,player,,75.703,28.073,0.0,0.0,0.0,1221,385,1236,419
match_001,66,0.066,9,player,,63.539,23.123,1.504,5.416,37.609,996,378,1012,406
match_001,66,0.066,4,player,,49.048,18.735,1.573,5.664,-196.694,758,367,770,396
match_001,66,0.066,13,player,,74.803,17.758,1.591,5.727,39.77,1162,363,1173,390
match_001,66,0.066,12,player,,65.544,31.523,0.0,0.0,-190.411,1057,398,1070,432
match_001,67,0.067,1,player,,51.621,56.049,0.0,0.0,-24.398,816,517,835,554
match_001,67,0.067,2,player,,48.109,54.245,1.004,3.614,-76.075,727,499,745,543
match_001,67,0.067,6,player,,29.745,37.03,1.277,4.598,31.928,374,422,390,459
match_001,67,0.067,7,player,,70.666,45.043,5.325,19.171,104.323,1221,445,1234,486
match_001,67,0.067,10,player,,60.966,46.228,4.989,17.959,124.716,1016,454,1031,494
match_001,67,0.067,14,player,,38.52,26.852,7.98,28.73,199.512,574,389,587,421
match_001,67,0.067,15,player,,41.834,31.8,0.0,0.0,-178.999,623,403,637,437
match_001,67,0.067,16,player,,51.863,7.467,0.0,0.0,-43.851,800,341,811,369
match_001,67,0.067,8,player,,53.171,32.633,7.1,25.558,143.825,833,402,845,438
match_001,67,0.067,3,player,,51.213,24.219,1.486,5.348,0.0,792,379,808,411
match_001,67,0.067,17,player,,75.271,8.745,0.0,0.0,0.0,1136,342,1147,369
match_001,67,0.067,18,player,,52.702,43.589,1.175,4.232,0.0,831,442,847,483
match_001,67,0.067,11,player,,75.76,28.076,1.427,5.136,35.664,1221,385,1237,419
match_001,67,0.067,9,player,,63.539,23.123,0.0,0.0,-37.609,997,378,1012,406
match_001,67,0.067,4,player,,49.048,18.735,0.0,0.0,-39.332,758,367,770,396
match_001,67,0.067,13,player,,74.867,17.761,1.591,5.727,0.0,1163,363,1174,390
match_001,67,0.067,12,player,,65.544,31.523,0.0,0.0,0.0,1057,398,1070,432
match_001,68,0.068,1,player,,51.621,56.049,0.0,0.0,0.0,815,517,835,554
match_001,68,0.068,2,player,,48.069,54.243,1.004,3.614,0.0,726,499,745,543
match_001,68,0.068,6,player,,29.745,37.03,0.0,0.0,-31.928,374,422,390,459
match_001,68,0.068,7,player,,70.712,45.046,1.156,4.16,-104.242,1221,445,1235,486
match_001,68,0.068,10,player,,60.966,46.228,0.0,0.0,-124.716,1016,455,1031,494
match_001,68,0.068,14,player,,38.52,26.852,0.0,0.0,-199.512,574,388,587,421
match_001,68,0.068,15,player,,41.834,31.8,0.0,0.0,0.0,623,403,637,437
match_001,68,0.068,16,player,,51.933,7.471,1.754,6.315,43.851,800,341,812,369
match_001,68,0.068,8,player,,53.105,32.91,7.1,25.558,0.0,832,402,845,439
match_001,68,0.068,3,player,,51.154,24.216,1.486,5.348,0.0,792,379,807,411
match_001,68,0.068,17,player,,75.271,8.745,0.0,0.0,0.0,1136,342,1147,369
match_001,68,0.068,18,player,,52.655,43.587,1.175,4.232,0.0,831,443,846,483
match_001,68,0.068,11,player,,75.76,28.076,0.0,0.0,-35.664,1222,385,1237,419
match_001,68,0.068,9,player,,63.539,23.123,0.0,0.0,0.0,997,378,1012,406
match_001,68,0.068,4,player,,49.048,18.735,0.0,0.0,0.0,758,366,771,396
match_001,68,0.068,12,player,,65.49,31.52,1.37,4.933,34.259,1056,399,1069,432
match_001,69,0.069,1,player,,51.616,56.195,3.643,13.115,91.078,815,517,835,555
match_001,69,0.069,2,player,,48.069,54.243,0.0,0.0,-25.1,726,498,745,543
match_001,69,0.069,6,player,,29.745,37.03,0.0,0.0,0.0,374,422,390,459
match_001,69,0.069,7,player,,70.758,45.048,1.155,4.159,-0.005,1222,445,1236,486
match_001,69,0.069,10,player,,61.011,46.23,1.135,4.085,28.37,1017,455,1031,494
match_001,69,0.069,14,player,,38.52,26.852,0.0,0.0,0.0,574,388,587,421
match_001,69,0.069,15,player,,41.779,31.798,1.363,4.907,34.075,622,403,637,437
match_001,69,0.069,16,player,,51.933,7.471,0.0,0.0,-43.851,800,341,812,369
match_001,69,0.069,8,player,,53.105,32.91,0.0,0.0,-177.489,832,402,845,439
match_001,69,0.069,3,player,,51.154,24.216,0.0,0.0,-37.138,792,379,807,411
match_001,69,0.069,17,player,,75.271,8.745,0.0,0.0,0.0,1136,342,1147,369
match_001,69,0.069,18,player,,52.655,43.587,0.0,0.0,-29.387,831,443,846,483
match_001,69,0.069,11,player,,75.76,28.076,0.0,0.0,0.0,1222,386,1237,419
match_001,69,0.069,9,player,,63.599,23.126,1.504,5.415,37.607,998,378,1013,406
match_001,69,0.069,4,player,,49.112,19.116,9.657,34.766,241.434,758,366,772,397
match_001,69,0.069,12,player,,65.49,31.52,0.0,0.0,-34.259,1056,399,1069,432
match_001,69,0.069,13,player,,74.803,17.758,1.591,5.727,0.0,1162,363,1173,390
match_001,70,0.07,1,player,,51.616,56.195,0.0,0.0,-91.078,815,517,836,555
match_001,70,0.07,2,player,,48.069,54.243,0.0,0.0,0.0,727,498,744,543
match_001,70,0.07,6,player,,29.745,37.03,0.0,0.0,0.0,374,422,390,459
match_001,70,0.07,7,player,,70.758,45.048,0.0,0.0,-28.884,1222,444,1237,486
match_001,70,0.07,10,player,,60.979,46.427,4.989,17.96,96.354,1017,454,1032,495
match_001,70,0.07,14,player,,38.52,26.852,0.0,0.0,0.0,574,388,587,421
match_001,70,0.07,15,player,,41.779,31.798,0.0,0.0,-34.075,622,403,637,437
match_001,70,0.07,16,player,,51.933,7.471,0.0,0.0,0.0,800,340,812,369
match_001,70,0.07,8,player,,53.159,32.912,1.347,4.848,33.664,832,402,846,439
match_001,70,0.07,3,player,,51.154,24.216,0.0,0.0,0.0,792,379,807,411
match_001,70,0.07,17,player,,75.271,8.745,0.0,0.0,0.0,1136,343,1147,369
match_001,70,0.07,18,player,,52.702,43.589,1.175,4.232,29.387,831,444,847,483
match_001,70,0.07,11,player,,75.817,28.078,1.427,5.136,35.664,1223,386,1237,419
match_001,70,0.07,9,player,,63.659,23.129,1.504,5.415,-0.002,999,379,1013,406
match_001,70,0.07,4,player,,49.112,19.116,0.0,0.0,-241.434,759,366,772,397
match_001,70,0.07,12,player,,65.49,31.52,0.0,0.0,0.0,1056,399,1069,432
match_001,70,0.07,13,player,,74.803,17.758,0.0,0.0,-39.77,1162,361,1173,390
match_001,71,0.071,1,player,,51.616,56.195,0.0,0.0,0.0,815,517,836,555
match_001,71,0.071,2,player,,48.069,54.243,0.0,0.0,0.0,726,498,744,543
match_001,71,0.071,6,player,,29.807,37.279,6.402,23.046,160.042,374,422,390,460
match_001,71,0.071,7,player,,70.758,45.048,0.0,0.0,0.0,1222,444,1237,486
match_001,71,0.071,10,player,,61.024,46.429,1.132,4.074,-96.433,1018,454,1032,495
match_001,71,0.071,14,player,,38.558,27.169,7.98,28.73,199.512,574,388,587,422
match_001,71,0.071,15,player,,41.779,31.798,0.0,0.0,0.0,622,403,637,437
match_001,71,0.071,16,player,,51.933,7.471,0.0,0.0,0.0,800,340,812,369
match_001,71,0.071,8,player,,53.094,33.187,7.054,25.393,142.677,832,401,845,440
match_001,71,0.071,3,player,,51.16,23.876,8.487,30.553,212.17,792,379,807,410
match_001,71,0.071,17,player,,75.092,9.203,12.278,44.201,306.95,1135,343,1146,370
match_001,71,0.071,18,player,,52.655,43.587,1.175,4.232,0.0,831,444,846,483
match_001,71,0.071,11,player,,75.817,28.078,0.0,0.0,-35.664,1223,386,1237,419
match_001,71,0.071,9,player,,63.659,23.129,0.0,0.0,-37.604,1000,379,1013,406
match_001,71,0.071,4,player,,49.112,19.116,0.0,0.0,0.0,759,366,772,397
match_001,71,0.071,12,player,,65.436,31.808,7.31,26.315,182.74,1056,399,1069,433
match_001,71,0.071,13,player,,74.803,17.758,0.0,0.0,0.0,1162,361,1173,390
match_001,72,0.072,1,player,,51.66,56.051,3.763,13.547,94.075,816,517,837,554
match_001,72,0.072,2,player,,48.069,54.243,0.0,0.0,0.0,727,498,744,543
match_001,72,0.072,6,player,,29.745,37.03,6.402,23.046,0.0,374,421,390,459
match_001,72,0.072,7,player,,70.758,45.048,0.0,0.0,0.0,1222,443,1237,486
match_001,72,0.072,10,player,,61.024,46.429,0.0,0.0,-28.291,1018,453,1033,495
match_001,72,0.072,14,player,,38.577,26.855,7.864,28.309,-2.92,575,388,587,421
match_001,72,0.072,15,player,,41.779,31.798,0.0,0.0,0.0,622,402,637,437
match_001,72,0.072,16,player,,51.933,7.471,0.0,0.0,0.0,800,340,813,369
match_001,72,0.072,8,player,,53.159,32.912,7.054,25.393,0.0,833,402,845,439
match_001,72,0.072,3,player,,51.16,23.876,0.0,0.0,-212.17,791,379,807,410
match_001,72,0.072,17,player,,75.271,8.745,12.278,44.201,0.0,1136,343,1147,369
match_001,72,0.072,18,player,,52.711,43.377,5.441,19.588,106.642,831,443,847,482
match_001,72,0.072,11,player,,75.817,28.078,0.0,0.0,0.0,1223,385,1237,419
match_001,72,0.072,9,player,,63.719,23.132,1.504,5.415,37.604,1001,379,1014,406
match_001,72,0.072,4,player,,49.112,19.116,0.0,0.0,0.0,759,366,772,397
match_001,72,0.072,12,player,,65.544,31.523,7.616,27.419,7.671,1057,399,1069,432
match_001,72,0.072,13,player,,74.966,17.37,10.517,37.86,262.918,1163,360,1173,389
match_001,73,0.073,1,player,,51.616,56.195,3.763,13.547,0.0,815,517,836,555
match_001,73,0.073,2,player,,48.066,54.088,3.874,13.945,96.842,727,498,744,542
match_001,73,0.073,6,player,,29.745,37.03,0.0,0.0,-160.042,374,421,390,459
match_001,73,0.073,7,player,,70.805,45.05,1.155,4.159,28.884,1223,443,1238,486
match_001,73,0.073,10,player,,61.024,46.429,0.0,0.0,0.0,1018,453,1033,495
match_001,73,0.073,14,player,,38.577,26.855,0.0,0.0,-196.592,575,388,587,421
match_001,73,0.073,15,player,,41.779,31.798,0.0,0.0,0.0,622,403,637,437
match_001,73,0.073,16,player,,51.933,7.471,0.0,0.0,0.0,800,340,813,369
match_001,73,0.073,8,player,,53.094,33.187,7.054,25.393,0.0,832,402,845,440
match_001,73,0.073,3,player,,51.16,23.876,0.0,0.0,0.0,791,379,807,410
match_001,73,0.073,17,player,,75.161,9.206,11.853,42.67,-10.634,1136,343,1147,370
match_001,73,0.073,18,player,,52.655,43.587,5.441,19.588,0.0,830,442,847,483
match_001,73,0.073,11,player,,75.724,28.39,8.132,29.275,203.3,1223,386,1237,420
match_001,73,0.073,9,player,,63.78,23.135,1.504,5.415,0.0,1002,379,1014,406
match_001,73,0.073,4,player,,49.112,19.116,0.0,0.0,0.0,759,366,772,397
match_001,73,0.073,12,player,,65.436,31.808,7.616,27.419,0.0,1056,399,1069,433
match_001,73,0.073,13,player,,74.867,17.761,10.088,36.318,-10.707,1163,360,1173,390
match_001,74,0.074,1,player,,51.621,56.049,3.643,13.115,-2.997,815,517,836,554
match_001,74,0.074,2,player,,48.106,54.09,1.006,3.623,-71.679,727,497,745,542
match_001,74,0.074,6,player,,29.745,37.03,0.0,0.0,0.0,374,420,390,459
match_001,74,0.074,7,player,,70.805,45.05,0.0,0.0,-28.884,1223,443,1238,486
match_001,74,0.074,10,player,,61.024,46.429,0.0,0.0,0.0,1018,453,1033,495
match_001,74,0.074,14,player,,38.577,26.855,0.0,0.0,0.0,575,388,587,421
match_001,74,0.074,15,player,,41.779,31.798,0.0,0.0,0.0,622,403,637,437
match_001,74,0.074,16,player,,52.003,7.475,1.754,6.314,43.848,801,340,813,369
match_001,74,0.074,8,player,,53.147,33.189,1.342,4.832,-142.787,833,402,845,440
match_001,74,0.074,3,player,,51.1,23.873,1.491,5.368,37.277,791,379,806,410
match_001,74,0.074,17,player,,75.271,8.745,11.853,42.67,0.0,1136,344,1147,369
match_001,74,0.074,18,player,,52.664,43.375,5.316,19.139,-3.12,830,442,847,482
match_001,74,0.074,11,player,,75.724,28.39,0.0,0.0,-203.3,1223,386,1237,420
match_001,74,0.074,9,player,,63.832,22.787,8.817,31.742,182.829,1002,379,1014,405
match_001,74,0.074,4,player,,49.112,19.116,0.0,0.0,0.0,759,367,772,397
match_001,74,0.074,12,player,,65.49,31.52,7.31,26.315,-7.671,1056,398,1069,432
match_001,74,0.074,13,player,,74.966,17.37,10.088,36.318,0.0,1163,360,1173,389
match_001,75,0.075,1,player,,51.616,56.195,3.643,13.115,0.0,815,516,836,555
match_001,75,0.075,2,player,,48.102,53.934,3.893,14.013,72.153,727,497,745,541
match_001,75,0.075,6,player,,29.807,37.279,6.402,23.046,160.042,374,420,391,460
match_001,75,0.075,7,player,,70.805,45.05,0.0,0.0,0.0,1223,443,1238,486
match_001,75,0.075,10,player,,61.069,46.431,1.132,4.074,28.291,1019,454,1033,495
match_001,75,0.075,14,player,,38.616,27.172,7.98,28.726,199.488,575,388,587,422
match_001,75,0.075,15,player,,41.779,31.798,0.0,0.0,0.0,622,403,637,437
match_001,75,0.075,16,player,,52.003,7.475,0.0,0.0,-43.848,801,341,813,369
match_001,75,0.075,8,player,,53.147,33.189,0.0,0.0,-33.554,833,403,845,440
match_001,75,0.075,3,player,,51.1,23.873,0.0,0.0,-37.277,791,380,806,410
match_001,75,0.075,17,player,,75.161,9.206,11.853,42.67,0.0,1136,345,1147,370
match_001,75,0.075,18,player,,52.664,43.375,0.0,0.0,-132.91,830,442,847,482
match_001,75,0.075,11,player,,75.724,28.39,0.0,0.0,0.0,1223,386,1237,420
match_001,75,0.075,9,player,,63.78,23.135,8.817,31.742,0.0,1002,379,1014,406
match_001,75,0.075,4,player,,49.112,19.116,0.0,0.0,0.0,759,367,772,397
match_001,75,0.075,12,player,,65.436,31.808,7.31,26.315,0.0,1056,399,1069,433
match_001,75,0.075,13,player,,74.867,17.761,10.088,36.318,0.0,1163,359,1173,390
match_001,76,0.076,1,player,,51.621,56.049,3.643,13.115,0.0,815,516,836,554
match_001,76,0.076,2,player,,48.099,53.778,3.912,14.083,0.484,727,496,746,540
match_001,76,0.076,6,player,,29.745,37.03,6.402,23.046,0.0,374,420,391,459
match_001,76,0.076,7,player,,70.912,44.846,5.746,20.686,143.651,1223,443,1239,485
match_001,76,0.076,10,player,,61.069,46.431,0.0,0.0,-28.291,1019,454,1034,495
match_001,76,0.076,14,player,,38.577,26.855,7.98,28.726,0.0,575,388,587,421
match_001,76,0.076,15,player,,41.834,31.8,1.363,4.907,34.075,622,403,638,437
match_001,76,0.076,16,player,,52.003,7.475,0.0,0.0,0.0,802,341,813,369
match_001,76,0.076,8,player,,53.147,33.189,0.0,0.0,0.0,833,403,845,440
match_001,76,0.076,3,player,,51.1,23.873,0.0,0.0,0.0,790,380,806,410
match_001,76,0.076,17,player,,75.161,9.206,0.0,0.0,-296.316,1136,345,1147,370
match_001,76,0.076,18,player,,52.664,43.375,0.0,0.0,0.0,830,441,847,482
match_001,76,0.076,11,player,,75.724,28.39,0.0,0.0,0.0,1223,386,1237,420
match_001,76,0.076,9,player,,63.832,22.787,8.817,31.742,0.0,1003,379,1014,405
match_001,76,0.076,4,player,,49.176,19.494,9.583,34.499,239.577,760,368,772,398
match_001,76,0.076,12,player,,65.436,31.808,0.0,0.0,-182.74,1056,399,1069,433
match_001,76,0.076,13,player,,74.966,17.37,10.088,36.318,0.0,1163,359,1173,389
match_001,77,0.077,1,player,,51.578,56.193,3.762,13.545,2.984,814,516,835,555
match_001,77,0.077,2,player,,48.099,53.778,0.0,0.0,-97.799,727,496,746,540
match_001,77,0.077,6,player,,29.745,37.03,0.0,0.0,-160.042,374,420,391,459
match_001,77,0.077,7,player,,70.912,44.846,0.0,0.0,-143.651,1223,443,1240,485
match_001,77,0.077,10,player,,61.038,46.627,4.962,17.863,124.046,1019,454,1034,496
match_001,77,0.077,14,player,,38.558,27.169,7.864,28.309,-2.897,574,388,587,422
match_001,77,0.077,15,player,,41.779,31.798,1.363,4.907,0.0,622,403,637,437
match_001,77,0.077,16,player,,51.923,7.94,11.809,42.512,295.219,801,341,812,370
match_001,77,0.077,8,player,,53.094,33.187,1.342,4.832,33.554,832,403,845,440
match_001,77,0.077,3,player,,51.1,23.873,0.0,0.0,0.0,790,380,806,410
match_001,77,0.077,17,player,,75.161,9.206,0.0,0.0,0.0,1136,346,1146,370
match_001,77,0.077,18,player,,52.664,43.375,0.0,0.0,0.0,830,441,846,482
match_001,77,0.077,11,player,,75.724,28.39,0.0,0.0,0.0,1223,386,1237,420
match_001,77,0.077,9,player,,63.84,23.139,8.796,31.667,-0.527,1004,380,1015,406
match_001,77,0.077,4,player,,49.176,19.494,0.0,0.0,-239.577,760,368,772,398
match_001,77,0.077,12,player,,65.381,31.805,1.366,4.917,34.144,1055,399,1068,433
match_001,77,0.077,13,player,,74.803,17.758,10.517,37.86,10.707,1162,359,1173,390
